Date,At&t,Xom,BA,Wmt,Wix
3/4/2016,37.93,82.290001,121.07,66.779999,20.030001
3/7/2016,38.130001,84.459999,122.900002,67.889999,20.629999
3/8/2016,38.09,82.629997,122.349998,68.040001,19.59
3/9/2016,37.98,82.400002,122.860001,67.529999,19.98
3/10/2016,38.310001,82.18,122.940002,67.410004,20.18
3/11/2016,38.360001,82.190002,124.629997,67.169998,20.67
3/14/2016,38.32,82.410004,126.339996,67.360001,20.280001
3/15/2016,38.52,82.82,126.360001,68.089996,19.59
3/16/2016,38.77,82.870003,127.57,67.989998,20.16
3/17/2016,39.119999,84.099998,130.699997,67.449997,20.110001
3/18/2016,38.560001,84.199997,133.960007,66.949997,20
3/21/2016,38.919998,83.620003,135.860001,67.970001,19.879999
3/22/2016,38.630001,84.120003,135.119995,67.870003,19.58
3/23/2016,38.540001,83.75,132.860001,67.459999,19.59
3/24/2016,38.880001,83.980003,132.119995,68,19.700001
3/28/2016,39.07,84.220001,131.289993,68.120003,19.76
3/29/2016,39.450001,84.529999,130.880005,68.029999,20
3/30/2016,39.369999,84.519997,128.580002,68.800003,20.15
3/31/2016,39.169998,83.589996,126.940002,68.489998,20.27
4/1/2016,39.049999,82.959999,126.959999,69.059998,20.02
4/4/2016,39.360001,83.160004,126.339996,69.099998,20.799999
4/5/2016,39.189999,82.209999,127.029999,68.639999,20.52
4/6/2016,38.639999,83.309998,127.93,69.040001,21.24
4/7/2016,38.59,82.370003,127,68.220001,21.01
4/8/2016,38.5,83.209999,127.879997,68.059998,21.129999
4/11/2016,38.389999,83.32,127.910004,67.400002,20.93
4/12/2016,38.669998,84.349998,129.470001,68.800003,21.280001
4/13/2016,38.25,84.830002,131.139999,69.150002,21.4
4/14/2016,38.419998,85.43,130.850006,68.800003,22.34
4/15/2016,38.48,84.970001,131.130005,69.059998,22.620001
4/18/2016,38.650002,85.779999,131.970001,69.860001,22.9
4/19/2016,38.919998,86.209999,132.679993,69.769997,23.299999
4/20/2016,38.720001,86.800003,130.570007,69.209999,23.940001
4/21/2016,37.860001,86.790001,130.740005,68.470001,23.959999
4/22/2016,38.07,87.529999,131.050003,68.720001,24.34
4/25/2016,38.209999,87.330002,130.75,69.470001,24.4
4/26/2016,38.09,87.629997,133.240005,69.300003,24.18
4/27/2016,38.720001,88.459999,137.080002,69.419998,24.35
4/28/2016,38.639999,88.029999,134.800003,68.910004,24.68
4/29/2016,38.82,88.400002,134.800003,66.870003,24.719999
5/2/2016,39.099998,89.129997,134.009995,67.589996,24.860001
5/3/2016,38.91,88.110001,132.490005,67,24.41
5/4/2016,38.880001,87.940002,130.889999,67.190002,24.959999
5/5/2016,38.740002,88.040001,132.080002,67.209999,25.4
5/6/2016,38.990002,88.510002,133.259995,68.25,25.6
5/9/2016,38.860001,88.57,132.100006,68.949997,25.690001
5/10/2016,39.310001,89.989998,134.720001,68.790001,26.25
5/11/2016,39.18,88.809998,133,66.410004,26.51
5/12/2016,39.549999,89.669998,134.419998,66.849998,26.5
5/13/2016,39.150002,88.660004,132.119995,64.940002,26.42
5/16/2016,39.279999,89.57,134.139999,66.019997,25.889999
5/17/2016,39.110001,89.529999,132.559998,65.099998,25.35
5/18/2016,38.450001,89.349998,130.990005,63.150002,25.950001
5/19/2016,38.439999,90.110001,128.080002,69.199997,25.639999
5/20/2016,38.450001,89.739998,127.389999,69.860001,26.27
5/23/2016,38.32,89.599998,127.580002,69.5,25.629999
5/24/2016,38.5,89.669998,127.5,70.239998,25.879999
5/25/2016,38.619999,90.260002,128.860001,70.480003,26.16
5/26/2016,38.84,89.800003,129.309998,70.849998,26.24
5/27/2016,38.990002,90.010002,129.220001,70.75,26.82
5/31/2016,39.150002,89.019997,126.150002,70.779999,27.66
6/1/2016,38.73,89.239998,126.410004,70.5,27.23
6/2/2016,38.84,88.529999,126.849998,70.949997,27.52
6/3/2016,39.209999,88.370003,127.379997,70.870003,26.950001
6/6/2016,39.34,89.339996,131.899994,71.050003,27.030001
6/7/2016,39.790001,90.709999,131.929993,71.029999,27.5
6/8/2016,39.860001,90.790001,133,71.279999,27.950001
6/9/2016,40.09,90.669998,133.100006,71.089996,29.139999
6/10/2016,40.330002,89.980003,131.139999,71.139999,28.889999
6/13/2016,40.189999,90.589996,129.919998,70.529999,27.75
6/14/2016,40.380001,90.43,130.5,70.949997,28.15
6/15/2016,40.290001,90.160004,130.160004,71.120003,28.040001
6/16/2016,40.490002,91.220001,129.369995,71.300003,27.5
6/17/2016,40.73,90.720001,129.820007,70.949997,27.209999
6/20/2016,40.779999,91.120003,132.75,71.099998,27.76
6/21/2016,41.07,91.529999,131.520004,71.459999,27.48
6/22/2016,41.299999,91.169998,131.770004,71.75,27.780001
6/23/2016,41.880001,91.800003,133.550003,72.099998,27.9
6/24/2016,41.52,89.389999,126.519997,71.959999,27.5
6/27/2016,42.029999,88.860001,122.699997,71.5,27.41
6/28/2016,42.02,90.910004,123.889999,71.510002,28.51
6/29/2016,42.540001,92.459999,126.989998,72.459999,29.959999
6/30/2016,43.209999,93.739998,129.869995,73.019997,30.35
7/1/2016,43.470001,93.839996,129.690002,72.809998,30.709999
7/5/2016,43.349998,93.019997,126.970001,73.139999,30.809999
7/6/2016,43.099998,94.089996,126.959999,73.82,30.57
7/7/2016,42.299999,92.959999,127.169998,73.529999,30.92
7/8/2016,42.610001,93.540001,130.089996,73.839996,31.469999
7/11/2016,42.509998,93.889999,132.039993,74.059998,31.700001
7/12/2016,42.41,94.949997,130.809998,73.269997,31.809999
7/13/2016,42.59,94.879997,130.110001,73.620003,31.48
7/14/2016,42.77,94.949997,131.550003,73.699997,31.07
7/15/2016,42.889999,95.120003,132.389999,73.669998,31.32
7/18/2016,42.849998,94.82,133.429993,73.839996,31.450001
7/19/2016,42.77,94.470001,134.660004,73.660004,31.18
7/20/2016,42.709999,93.93,134.720001,73.790001,31.77
7/21/2016,42.52,93.849998,133.529999,73.519997,30.91
7/22/2016,43.110001,94.010002,133.470001,73.550003,31.07
7/25/2016,42.939999,92.199997,132.940002,73.75,31.540001
7/26/2016,42.380001,91.529999,134.850006,73.730003,31.65
7/27/2016,42.759998,90.910004,135.960007,73.32,36.52
7/28/2016,42.580002,90.199997,133.009995,73.239998,35.91
7/29/2016,43.290001,88.949997,133.660004,72.970001,35.599998
8/1/2016,43.18,85.860001,133.210007,73.779999,35.98
8/2/2016,43.16,87.040001,131.600006,73.129997,35.869999
8/3/2016,43.139999,87.489998,131.869995,72.940002,35.27
8/4/2016,43.080002,87.480003,131.210007,73.300003,36
8/5/2016,43.16,87.559998,131.729996,73.760002,36.169998
8/8/2016,42.93,88.589996,132.190002,73.339996,36.990002
8/9/2016,43.080002,88.699997,132.619995,73.540001,38.110001
8/10/2016,43.200001,86.410004,132.279999,73.949997,38.380001
8/11/2016,43.389999,86.720001,133,73.800003,38.700001
8/12/2016,43.279999,87.849998,133.100006,73.889999,38.700001
8/15/2016,43.02,87.809998,134.660004,73.32,38.360001
8/16/2016,41.959999,87.919998,135,72.889999,38.130001
8/17/2016,41.860001,88.110001,134.720001,72.93,37.66
8/18/2016,41.400002,88.910004,135,74.300003,38.349998
8/19/2016,41.009998,87.800003,134.440002,72.809998,38.610001
8/22/2016,40.91,87.989998,134.990005,72.699997,38.439999
8/23/2016,40.849998,87.720001,134.139999,71.970001,39.630001
8/24/2016,40.869999,88.019997,133.289993,72.230003,40.119999
8/25/2016,41.07,87.459999,132.979996,71.220001,40.189999
8/26/2016,40.68,87.269997,132.229996,71.139999,40.34
8/29/2016,41,87.839996,132.899994,71.400002,40.310001
8/30/2016,40.889999,87.519997,130.809998,71.309998,41.799999
8/31/2016,40.880001,87.139999,129.449997,71.440002,41.82
9/1/2016,40.959999,86.839996,129.899994,72.839996,41.880001
9/2/2016,40.950001,87.419998,131.160004,72.5,42.349998
9/6/2016,41.23,88.57,132.990005,73,43.259998
9/7/2016,41.27,88.239998,132.639999,72.059998,44.439999
9/8/2016,41.189999,89.050003,132.899994,71.830002,43.580002
9/9/2016,39.709999,86.839996,128.529999,70.300003,42.18
9/12/2016,40.709999,87.290001,130.119995,71.940002,42.349998
9/13/2016,39.970001,85.209999,128.759995,71.459999,41.869999
9/14/2016,39.889999,84.599998,127.669998,71.519997,43.25
9/15/2016,40.450001,85.080002,127.769997,72.400002,43.240002
9/16/2016,40.200001,84.029999,126.699997,72.870003,44.220001
9/19/2016,40.060001,83.830002,127.480003,72.089996,44.630001
9/20/2016,39.959999,82.540001,127.790001,71.970001,45.439999
9/21/2016,40.57,83.300003,130.559998,72.190002,44.400002
9/22/2016,41.110001,83.540001,131.869995,72.269997,45.290001
9/23/2016,41.279999,83.449997,131.779999,72.349998,43.279999
9/26/2016,41.139999,83.059998,130.570007,71.620003,43.689999
9/27/2016,41.459999,83.239998,131.320007,72.330002,44.080002
9/28/2016,40.849998,86.900002,132.229996,71.790001,44.099998
9/29/2016,40.73,86.459999,131.029999,70.730003,43.98
9/30/2016,40.610001,87.279999,131.740005,72.120003,43.43
10/3/2016,40.77,87.050003,132.380005,72.010002,43.09
10/4/2016,39.900002,86.25,132.25,71.75,43.98
10/5/2016,39.16,87,134.660004,71.669998,43.84
10/6/2016,39.110001,87.040001,134.419998,69.360001,43.580002
10/7/2016,38.869999,86.739998,133.850006,68.699997,43.130001
10/10/2016,39.009998,88.440002,135.839996,67.980003,43.900002
10/11/2016,39.099998,87.739998,133.740005,67.389999,43.950001
10/12/2016,39.330002,87.129997,133.160004,67.459999,44
10/13/2016,39.369999,86.559998,133.380005,68.230003,43.599998
10/14/2016,39.220001,86.540001,133.5,68.449997,43.75
10/17/2016,39.27,86.540001,134,68.220001,43.900002
10/18/2016,39.360001,86.769997,135.100006,68.870003,44.200001
10/19/2016,39.380001,87.169998,136.179993,68.889999,46.400002
10/20/2016,38.650002,87.209999,135.839996,68.730003,44.799999
10/21/2016,37.490002,86.620003,135.630005,68.339996,44.849998
10/24/2016,36.860001,86.910004,137.449997,69.190002,45.700001
10/25/2016,36.700001,86.720001,139.020004,69.360001,44.400002
10/26/2016,36.43,87.089996,145.539993,69.589996,42.700001
10/27/2016,36.52,86.919998,143.309998,69.830002,41.299999
10/28/2016,36.509998,84.779999,143.009995,69.989998,41.200001
10/31/2016,36.790001,83.32,142.429993,70.019997,40
11/1/2016,36.560001,83.650002,142.410004,69.300003,41
11/2/2016,36.369999,83.449997,140.75,69.449997,39.049999
11/3/2016,36.630001,83.660004,140.020004,69.629997,39
11/4/2016,36.5,83.57,139.539993,69.160004,39.049999
11/7/2016,36.810001,85.449997,143.029999,69.779999,40.200001
11/8/2016,36.990002,85.309998,142.199997,69.790001,40.799999
11/9/2016,37.439999,86.25,145.089996,71.099998,42.599998
11/10/2016,36.57,87.050003,147.690002,71.389999,47.849998
11/11/2016,36.509998,85.669998,148.520004,71.230003,49.450001
11/14/2016,36.130001,85.279999,149.990005,70.489998,46.75
11/15/2016,36.77,86.82,148.110001,71.419998,46.099998
11/16/2016,37.150002,85.75,146.440002,71.389999,47.150002
11/17/2016,37.41,85.230003,145.330002,69.190002,48.650002
11/18/2016,37.560001,85.279999,146.350006,68.540001,51.400002
11/21/2016,37.740002,86.489998,147.020004,69.370003,50.950001
11/22/2016,38.549999,86.68,149.520004,70.120003,51.450001
11/23/2016,38.73,86.919998,149.740005,70.830002,52.099998
11/25/2016,39.209999,87.120003,150.039993,71.230003,51.549999
11/28/2016,39.540001,86.470001,149.770004,71.190002,51.049999
11/29/2016,39.48,85.900002,151.639999,71.370003,51.049999
11/30/2016,38.630001,87.300003,150.559998,70.43,49.5
12/1/2016,38.880001,87.239998,152.389999,70.669998,47.5
12/2/2016,38.610001,87.040001,152.25,70.879997,46.400002
12/5/2016,38.630001,87.480003,152.160004,69.940002,48.400002
12/6/2016,39.349998,87.559998,152.240005,70.360001,48.049999
12/7/2016,40.450001,88.07,154.139999,70.599998,47.900002
12/8/2016,40.41,88.32,155.389999,70.339996,47.849998
12/9/2016,40.380001,89,156.490005,70.080002,46.900002
12/12/2016,41.119999,90.980003,157.160004,71.669998,44.799999
12/13/2016,41.360001,92.580002,156.660004,71.800003,44.049999
12/14/2016,41.099998,90.580002,154.470001,71.339996,44.099998
12/15/2016,41.5,90.889999,153.770004,71.080002,44.799999
12/16/2016,41.669998,91.18,154.5,70.980003,44.299999
12/19/2016,42.119999,90.419998,156.179993,71.580002,43.450001
12/20/2016,42.470001,90.43,156.389999,71.82,43.75
12/21/2016,42.360001,90.279999,157.479996,71.239998,43.5
12/22/2016,42.720001,90.870003,157.460007,69.589996,43.349998
12/23/2016,42.73,90.709999,157.809998,69.540001,43.549999
12/27/2016,42.650002,90.75,157.479996,69.699997,43.650002
12/28/2016,42.52,90.300003,156.100006,69.309998,43.349998
12/29/2016,42.66,90.349998,155.690002,69.260002,44.75
12/30/2016,42.529999,90.260002,155.679993,69.120003,44.549999
1/3/2017,43.02,90.889999,156.970001,68.660004,44.950001
1/4/2017,42.77,89.889999,158.619995,69.059998,46.200001
1/5/2017,42.650002,88.550003,158.710007,69.209999,47
1/6/2017,41.32,88.5,159.100006,68.260002,47.450001
1/9/2017,40.799999,87.040001,158.320007,68.709999,47.900002
1/10/2017,40.810001,85.93,159.070007,68.230003,48.5
1/11/2017,40.610001,86.809998,159.399994,68.529999,51
1/12/2017,41.009998,86.339996,158.289993,67.970001,50.349998
1/13/2017,40.959999,86.349998,158.830002,67.129997,50.650002
1/17/2017,41.110001,87.360001,157.669998,68.419998,51.049999
1/18/2017,40.799999,86.279999,158.320007,68.110001,52.5
1/19/2017,41,84.730003,159,67.620003,54.049999
1/20/2017,41.450001,85.889999,159.529999,67.18,53.450001
1/23/2017,42,84.970001,157.839996,66.650002,53.75
1/24/2017,41.360001,85.089996,160.550003,67.400002,55.299999
1/25/2017,41.389999,85.339996,167.360001,66.889999,56.200001
1/26/2017,41.77,85.599998,169.119995,66.730003,55.049999
1/27/2017,42.009998,85.510002,167.699997,65.660004,54.700001
1/30/2017,41.82,84.860001,165.570007,66.419998,53.25
1/31/2017,42.16,83.889999,163.419998,66.739998,52.549999
2/1/2017,42.060001,82.940002,163.970001,66.230003,52.25
2/2/2017,41.18,83.449997,162.259995,66.699997,51.450001
2/3/2017,41.25,83.540001,162.399994,66.5,52.200001
2/6/2017,41.060001,83.309998,163.979996,66.400002,51.900002
2/7/2017,41.119999,82.769997,166.5,66.889999,51.900002
2/8/2017,41.209999,81.480003,163.809998,67.809998,52.849998
2/9/2017,41.310001,81.839996,164.279999,69.080002,54.349998
2/10/2017,41.380001,82.519997,166.229996,68.019997,53.349998
2/13/2017,40.650002,83,168.029999,67.769997,52.950001
2/14/2017,40.75,82.82,168.5,68.660004,52.950001
2/15/2017,41.119999,83.160004,169.300003,68.690002,61.5
2/16/2017,41.25,82.300003,170.809998,68.870003,62.950001
2/17/2017,41.48,81.760002,172.710007,69.370003,63.849998
2/21/2017,41.73,81.889999,175.559998,71.449997,65.550003
2/22/2017,41.59,80.93,175.360001,71.709999,65.550003
2/23/2017,41.950001,81.779999,176.860001,71.309998,63.25
2/24/2017,42.360001,81.080002,177.440002,72.389999,65.050003
2/27/2017,41.82,81.540001,179.429993,71.739998,64.050003
2/28/2017,41.790001,81.32,180.229996,70.93,62.299999
3/1/2017,42.040001,83.019997,183.910004,70.449997,62.75
3/2/2017,42.07,83.300003,182.990005,70.760002,62.099998
3/3/2017,42.009998,82.459999,182.179993,70.029999,61.400002
3/6/2017,41.959999,82.830002,180.929993,69.879997,62.25
3/7/2017,41.880001,82.519997,182.020004,69.870003,63.849998
3/8/2017,41.77,81.029999,181.740005,69.800003,63.5
3/9/2017,41.939999,81.669998,180.570007,69.860001,64.300003
3/10/2017,42.349998,81.610001,178.699997,70.099998,65.900002
3/13/2017,42.369999,81.419998,179.050003,69.949997,68.099998
3/14/2017,42.09,80.989998,178.729996,70.720001,69.25
3/15/2017,42.59,82,178.710007,70.580002,68.5
3/16/2017,42.439999,82.07,178.190002,70.440002,68.800003
3/17/2017,42.610001,82,180.100006,69.889999,68.599998
3/20/2017,42.419998,82,179.389999,69.980003,68.949997
3/21/2017,42.080002,81.830002,175.960007,69.900002,67.099998
3/22/2017,41.650002,81.760002,176.979996,70.25,67.150002
3/23/2017,41.650002,81.860001,177.259995,69.860001,66
3/24/2017,41.68,81.230003,175.820007,69.610001,66.650002
3/27/2017,41.490002,81.25,176.100006,69.660004,66.150002
3/28/2017,41.560001,81.839996,177.360001,70.32,66.300003
3/29/2017,41.450001,82.019997,177.630005,70.739998,66.75
3/30/2017,41.759998,83.699997,177.979996,71.589996,65.849998
3/31/2017,41.549999,82.010002,176.860001,72.080002,67.900002
4/3/2017,41.57,82.07,176.649994,71.830002,74.75
4/4/2017,41.689999,82.370003,178.699997,72.010002,75.199997
4/5/2017,41.509998,82.529999,177.080002,71.650002,75.900002
4/6/2017,40.599998,83.010002,177.369995,71.43,76.300003
4/7/2017,40.59,82.760002,178.850006,72.900002,76.25
4/10/2017,40.380001,83.129997,177.559998,73.059998,76.300003
4/11/2017,40.310001,82.839996,178.570007,73.43,76.5
4/12/2017,40.560001,82.970001,176.050003,73.440002,74.599998
4/13/2017,40.279999,81.690002,175.619995,73.150002,75
4/17/2017,40.299999,81.580002,179.020004,73.489998,73.400002
4/18/2017,40.25,81.050003,177.850006,73.889999,70.550003
4/19/2017,40.25,80.489998,178.399994,74.07,69.699997
4/20/2017,40.360001,81.010002,179.300003,74.800003,68.900002
4/21/2017,39.93,80.690002,180.380005,74.940002,70.599998
4/24/2017,40.02,81.110001,182.059998,74.779999,73.599998
4/25/2017,39.939999,81.730003,183.509995,75.050003,82.25
4/26/2017,40.439999,81.400002,181.710007,75.43,82.25
4/27/2017,39.91,81.260002,183.220001,75.440002,81.199997
4/28/2017,39.630001,81.650002,184.830002,75.18,82.449997
5/1/2017,39.099998,82.059998,182.389999,75.230003,81.400002
5/2/2017,38.950001,82.050003,183.440002,75.519997,75.449997
5/3/2017,38.400002,82.699997,183.389999,75.760002,75.400002
5/4/2017,38.009998,81.639999,183.070007,76.339996,76.199997
5/5/2017,38.560001,82.019997,185.009995,76.5,73.300003
5/8/2017,38.57,82.889999,186.020004,76.120003,75.300003
5/9/2017,38.220001,82.309998,186.910004,76.720001,74.150002
5/10/2017,38.450001,81.910004,183.179993,76.699997,77.449997
5/11/2017,38.439999,82.610001,183.940002,76.129997,74.199997
5/12/2017,38.490002,82.550003,183.25,75.709999,78.300003
5/15/2017,38.59,82.800003,182.389999,76.290001,78.400002
5/16/2017,38.189999,82.550003,182.699997,75.110001,76.849998
5/17/2017,37.459999,81.989998,178.779999,75.120003,72.150002
5/18/2017,37.950001,81.75,177.399994,77.540001,73.800003
5/19/2017,38.240002,81.93,180.759995,78.769997,73.949997
5/22/2017,38.25,82.290001,183.669998,78.550003,76.300003
5/23/2017,38.310001,82.580002,183.490005,78.489998,73.449997
5/24/2017,38.150002,82.290001,185.25,78.150002,75.349998
5/25/2017,38.23,81.75,187.070007,78.309998,76.099998
5/26/2017,38.119999,81.550003,186.589996,78.129997,77.25
5/30/2017,38.549999,81.099998,186.880005,78.150002,74.75
5/31/2017,38.529999,80.5,187.630005,78.599998,73.699997
6/1/2017,38.869999,80.699997,187.320007,79.809998,73.75
6/2/2017,38.869999,79.5,190.229996,79.620003,76.650002
6/5/2017,38.810001,80.120003,188.949997,80.260002,75.550003
6/6/2017,38.73,81.209999,186.75,78.93,77.75
6/7/2017,38.759998,80.910004,188.100006,79.150002,79.449997
6/8/2017,38.5,80.620003,189.929993,78.93,78.849998
6/9/2017,38.790001,82.129997,190.029999,79.419998,73.75
6/12/2017,39.07,82.93,190,79.239998,70.550003
6/13/2017,38.68,82.959999,191.089996,79.519997,73.150002
6/14/2017,38.720001,82.07,192.380005,79.900002,70.5
6/15/2017,38.84,82.260002,195.449997,78.910004,68.900002
6/16/2017,38.959999,83.489998,196.440002,75.239998,69.25
6/19/2017,38.91,82.760002,199.080002,75.5,71.849998
6/20/2017,38.66,82.309998,198.330002,75.540001,70.75
6/21/2017,38.150002,81.440002,199.169998,76.239998,72.300003
6/22/2017,38.099998,81.080002,199.440002,75.519997,72.800003
6/23/2017,37.950001,81.610001,202.229996,74.839996,76.949997
6/26/2017,38.150002,81.239998,199.979996,75.5,72.550003
6/27/2017,37.700001,81.110001,198.889999,76.010002,71.150002
6/28/2017,37.939999,81.529999,199.619995,76.510002,73.349998
6/29/2017,37.619999,80.699997,197.460007,75.93,69.5
6/30/2017,37.73,80.730003,197.75,75.68,69.599998
7/3/2017,38.110001,82.099998,198.589996,75.360001,69.199997
7/5/2017,38.119999,80.849998,201.809998,75.32,70.25
7/6/2017,37.18,80.120003,201.479996,75.470001,69.300003
7/7/2017,36.98,80.220001,202.369995,75.330002,70.300003
7/10/2017,36.830002,80.160004,203.960007,73.230003,69.400002
7/11/2017,36.599998,80.599998,206.270004,73.470001,71.400002
7/12/2017,36.830002,80.959999,206.440002,73.940002,74.150002
7/13/2017,36.209999,80.970001,206.229996,75.050003,73.849998
7/14/2017,36.299999,81.279999,208.509995,76.339996,73.849998
7/17/2017,36.389999,80.860001,209,76.370003,73.900002
7/18/2017,35.990002,80.599998,208.240005,76.199997,73.099998
7/19/2017,36.130001,80.849998,210.880005,75.870003,76.150002
7/20/2017,36.52,80.860001,210.279999,76.019997,73.199997
7/21/2017,36.509998,80.120003,212.139999,76.150002,73.099998
7/24/2017,36.23,79.870003,212.179993,76.889999,75.650002
7/25/2017,36.220001,80.269997,212.460007,78.519997,75.949997
7/26/2017,38.029999,80.370003,233.449997,78.900002,76.849998
7/27/2017,39.41,80.830002,241,79.779999,73.599998
7/28/2017,39,79.599998,241.270004,79.809998,63.900002
7/31/2017,39,80.040001,242.460007,79.989998,61.700001
8/1/2017,38.880001,80.169998,239.440002,80.5,62.349998
8/2/2017,38.27,80.599998,237.949997,80.529999,61.650002
8/3/2017,38.279999,80.489998,238.25,80.870003,62.75
8/4/2017,38.43,80.209999,237.710007,80.480003,60.25
8/7/2017,38.52,80.160004,240.229996,81.279999,58.599998
8/8/2017,38.360001,79.959999,239.5,81.589996,58.650002
8/9/2017,38.360001,80.209999,234.309998,81.610001,58.599998
8/10/2017,38.189999,78.970001,232.880005,80.660004,56.900002
8/11/2017,38.099998,78.209999,234.880005,80.400002,57.700001
8/14/2017,38.5,78.230003,237.149994,80.699997,60.5
8/15/2017,38.16,78.040001,239.169998,80.769997,58.150002
8/16/2017,38.23,77.470001,237.589996,80.980003,60
8/17/2017,37.599998,76.260002,235.589996,79.699997,59.799999
8/18/2017,37.369999,76.639999,235.770004,79.309998,60.150002
8/21/2017,37.580002,76.379997,235.679993,79.709999,59.049999
8/22/2017,37.98,76.739998,239.75,80.019997,60.650002
8/23/2017,37.919998,76.610001,238.089996,79.959999,60.650002
8/24/2017,37.68,76.330002,238.740005,78.339996,60.950001
8/25/2017,37.990002,76.720001,235.889999,78.629997,60.200001
8/28/2017,37.939999,76.470001,237.179993,78.029999,60.549999
8/29/2017,37.849998,76.449997,240.490005,78.769997,61
8/30/2017,37.669998,76.099998,240.460007,78.540001,64.050003
8/31/2017,37.459999,76.330002,239.660004,78.07,65.099998
9/1/2017,37.48,76.57,240.330002,78.370003,64.449997
9/5/2017,37.09,77.18,237,79.800003,65.800003
9/6/2017,36.57,78.779999,234.619995,80.080002,65.150002
9/7/2017,35.599998,79.029999,236.309998,80.120003,66.150002
9/8/2017,35.59,78.82,238.779999,78.879997,65.300003
9/11/2017,35.740002,79.25,240.589996,79.080002,67.199997
9/12/2017,36.259998,79.5,240.580002,79.610001,68.349998
9/13/2017,36.549999,79.769997,241.929993,79.860001,68.150002
9/14/2017,36.32,80.089996,245.229996,79.68,69.050003
9/15/2017,37.099998,80.07,249,80.379997,69.550003
9/18/2017,37.419998,80.089996,253.080002,80,69.800003
9/19/2017,38.209999,80.220001,252.460007,80.050003,70.150002
9/20/2017,38.43,80.550003,255.460007,80.5,69.199997
9/21/2017,38.220001,79.889999,256.040009,80.010002,68.650002
9/22/2017,38.59,79.919998,256.450012,79.529999,68.400002
9/25/2017,39.119999,80.980003,254.320007,79.150002,67.050003
9/26/2017,38.720001,80.889999,253.699997,79.389999,67.349998
9/27/2017,38.77,81.43,255.279999,79.290001,70.099998
9/28/2017,39.040001,82.190002,254.270004,78.949997,70.599998
9/29/2017,39.169998,81.980003,254.210007,78.139999,71.849998
10/2/2017,39.110001,81.629997,255.990005,78.449997,71.400002
10/3/2017,39.48,81.760002,255.460007,79.220001,70.800003
10/4/2017,39.5,81.790001,255.759995,79.089996,69.150002
10/5/2017,39.509998,82.019997,258.890015,79.410004,70.300003
10/6/2017,38.59,81.709999,258.579987,79,68.900002
10/9/2017,38.299999,82.029999,258.390015,80.529999,67.900002
10/10/2017,38.5,82.260002,260.929993,84.129997,68.449997
10/11/2017,38.189999,82.599998,261.440002,85.730003,69.449997
10/12/2017,35.860001,82.43,261.910004,86.099998,69.5
10/13/2017,35.700001,82.410004,260.73999,86.620003,68.849998
10/16/2017,36.169998,82.809998,259.75,85.739998,68.900002
10/17/2017,36.23,82.959999,258.619995,85.980003,69.349998
10/18/2017,35.709999,82.760002,260.040009,86.220001,69.550003
10/19/2017,35.689999,82.739998,259.040009,86.400002,68.099998
10/20/2017,35.540001,83.110001,264.75,87.440002,69.199997
10/23/2017,35.25,83.239998,262.320007,88.650002,69.199997
10/24/2017,34.860001,83.470001,266,87.980003,69.75
10/25/2017,33.490002,83.169998,258.420013,88.480003,67.75
10/26/2017,33.68,83.470001,259.269989,88.620003,67.550003
10/27/2017,33.970001,83.709999,256.459991,88.169998,68.199997
10/30/2017,33.540001,83.540001,259.25,86.949997,69.849998
10/31/2017,33.650002,83.349998,257.980011,87.309998,69.800003
11/1/2017,33.549999,83.870003,258.5,87.940002,70.5
11/2/2017,33.169998,83.529999,262.630005,88.800003,70.449997
11/3/2017,33.299999,83.18,261.75,89.68,69.650002
11/6/2017,32.860001,83.75,264.070007,88.699997,70.599998
11/7/2017,33.07,83.580002,266.130005,88.949997,69.349998
11/8/2017,33.439999,83.470001,265.570007,90.260002,60.025002
11/9/2017,34,83.970001,262.700012,90.300003,56.599998
11/10/2017,34.220001,82.940002,260.850006,90.919998,55.650002
11/13/2017,34.169998,82.889999,262.420013,90.989998,55
11/14/2017,33.720001,82.239998,261.76001,91.089996,53.799999
11/15/2017,33.810001,81.209999,262.859985,89.830002,54.099998
11/16/2017,34.52,80.559998,263.700012,99.620003,56.900002
11/17/2017,34.509998,80.239998,262.26001,97.470001,56.150002
11/20/2017,34.639999,80.550003,264.630005,97.480003,55.400002
11/21/2017,34.330002,80.870003,266.98999,96.519997,54.349998
11/22/2017,34.869999,81.099998,265.149994,96.410004,55.200001
11/24/2017,34.810001,81.419998,265.880005,96.620003,54.849998
11/27/2017,34.68,81.110001,265.579987,96.620003,56.349998
11/28/2017,35.419998,81.669998,267.98999,96.769997,55.5
11/29/2017,36.48,82.269997,269.299988,97.559998,53.75
11/30/2017,36.380001,83.290001,276.799988,97.230003,54.900002
12/1/2017,36.5,83.459999,271.380005,97.349998,53.700001
12/4/2017,37.27,83.57,277.970001,97.010002,52.349998
12/5/2017,36.549999,82.889999,275.540009,97.830002,52.200001
12/6/2017,36.110001,82.279999,278.269989,97.279999,51.950001
12/7/2017,36.169998,82.550003,281.970001,96.779999,53.099998
12/8/2017,36.73,82.660004,285.899994,96.550003,53.599998
12/11/2017,36.900002,83.029999,283.160004,96.93,52.950001
12/12/2017,38.099998,82.760002,289.940002,96.699997,55.200001
12/13/2017,38.040001,83.120003,291.839996,97.760002,57.549999
12/14/2017,37.740002,82.900002,293.880005,97.129997,58.549999
12/15/2017,38.240002,83.029999,293.940002,97.110001,58.400002
12/18/2017,38.459999,82.940002,296.140015,97.900002,60.049999
12/19/2017,38.049999,82.440002,297.25,98.800003,60.5
12/20/2017,38.549999,82.870003,297.899994,98.75,60.849998
12/21/2017,38.880001,83.849998,295.029999,98.059998,61.099998
12/22/2017,38.939999,83.970001,295.100006,98.209999,59.549999
12/26/2017,39.060001,83.980003,295.359985,99.160004,60.400002
12/27/2017,38.889999,83.900002,295.619995,99.260002,59.75
12/28/2017,39.18,84.019997,296.350006,99.400002,59.049999
12/29/2017,38.880001,83.639999,294.910004,98.75,57.549999
1/2/2018,38.540001,85.029999,296.839996,98.589996,58
1/3/2018,37.650002,86.699997,297.799988,99.449997,58.299999
1/4/2018,38,86.82,296.670013,99.540001,62.099998
1/5/2018,38.139999,86.75,308.839996,100.129997,60.650002
1/8/2018,38.25,87.139999,310.149994,101.610001,61.049999
1/9/2018,37.490002,86.769997,318.429993,100.389999,61.150002
1/10/2018,36.619999,86.080002,320.26001,99.669998,61.25
1/11/2018,36.48,86.93,328.119995,100.019997,60.900002
1/12/2018,36.900002,87.519997,336.209991,100.870003,61.900002
1/16/2018,36.720001,86.970001,335.160004,100.690002,59.299999
1/17/2018,36.849998,88,351.01001,102.699997,59.400002
1/18/2018,37.150002,87.43,340.160004,104.300003,58.049999
1/19/2018,37.209999,87.150002,337.730011,104.589996,58.099998
1/22/2018,37.869999,88.25,338,105.449997,59.700001
1/23/2018,37.189999,88.300003,335.589996,105.900002,62.150002
1/24/2018,37.02,88.529999,334.690002,105.790001,60.75
1/25/2018,37.450001,88.370003,343.109985,106.599998,61.299999
1/26/2018,37.82,89,343.220001,108.389999,62.400002
1/29/2018,37.259998,88.010002,340.820007,109.550003,62.349998
1/30/2018,37.439999,86.779999,337.709991,107.730003,60.200001
1/31/2018,37.450001,87.300003,354.369995,106.599998,61.049999
2/1/2018,39.16,89.07,356.940002,105.519997,61.75
2/2/2018,38.07,84.529999,348.910004,104.480003,61.450001
2/5/2018,36.630001,79.720001,328.880005,100.089996,60
2/6/2018,36.830002,78.349998,340.910004,100.900002,60.150002
2/7/2018,36.93,76.940002,348.119995,102.849998,59.950001
2/8/2018,35.57,76.07,329.660004,100.019997,58.25
2/9/2018,36.049999,75.779999,332.829987,99.370003,59.650002
2/12/2018,36.369999,76.419998,343.799988,99.550003,63.099998
2/13/2018,36.599998,76.300003,343.160004,100.980003,65.550003
2/14/2018,36.41,76.459999,344.850006,101.699997,71.699997
2/15/2018,37,76.209999,356.459991,103.230003,74.599998
2/16/2018,37.139999,76.540001,355.040009,104.779999,75.599998
2/20/2018,36.77,75.75,353.350006,94.110001,74.849998
2/21/2018,36.310001,74.889999,352.369995,91.519997,77.300003
2/22/2018,36.470001,75.860001,355.920013,92.769997,74.050003
2/23/2018,36.720001,77.529999,356.660004,92.889999,76.099998
2/26/2018,37.459999,78.839996,363.480011,93.120003,76.099998
2/27/2018,36.869999,77.5,364.640015,91.519997,75.550003
2/28/2018,36.299999,75.739998,362.209991,90.010002,75.050003
3/1/2018,36,75.199997,349.690002,89.080002,75.050003
3/2/2018,36.349998,75.550003,344.670013,88.769997,76.800003
3/5/2018,36.700001,76.269997,352.75,89.980003,79.650002
3/6/2018,36.869999,76.18,348.920013,89.059998,79.349998
3/7/2018,36.91,74.260002,347.040009,87.739998,81.75
3/8/2018,37.110001,74.120003,348.730011,87.919998,82.449997
3/9/2018,37.049999,74.559998,354.519989,88.720001,82.449997
3/12/2018,37.360001,75.239998,344.190002,88.07,83.150002
3/13/2018,37.389999,74.529999,338.670013,88.300003,81.699997
3/14/2018,37.029999,73.599998,330.26001,87.669998,83.199997
3/15/2018,37.040001,74.419998,329.980011,87.510002,82.400002
3/16/2018,37,75.120003,330.470001,89.169998,84.25
3/19/2018,36.580002,74.150002,331.76001,87.449997,83.300003
3/20/2018,36.34,73.989998,337.630005,87.949997,86.400002
3/21/2018,36,75.040001,337.100006,88.18,87
3/22/2018,35.369999,73.5,319.609985,87.139999,84.150002
3/23/2018,34.700001,72.889999,321,85.419998,78.800003
3/26/2018,34.689999,74,328.970001,87.5,83.050003
3/27/2018,34.900002,73.699997,321.119995,86.050003,77.650002
3/28/2018,35.560001,72.809998,320.019989,87.769997,76.5
3/29/2018,35.650002,74.610001,327.880005,88.970001,79.550003
4/2/2018,35.099998,73.220001,322.440002,85.550003,77.400002
4/3/2018,35.369999,75.019997,330.820007,86.800003,80.5
4/4/2018,35.880001,74.870003,327.440002,87.220001,82.449997
4/5/2018,36.139999,76.019997,336.399994,87.809998,82.949997
4/6/2018,35.630001,74.870003,326.119995,86.690002,81.900002
4/9/2018,35.169998,74.870003,322.480011,86.279999,81.199997
4/10/2018,35.810001,77.07,334.829987,86.449997,84.550003
4/11/2018,35.25,77.43,327.359985,85.910004,82.849998
4/12/2018,35.16,77.220001,337.480011,85.43,84.849998
4/13/2018,35.139999,77.839996,329.279999,86.019997,84.5
4/16/2018,35.639999,78.540001,331.769989,86.839996,85.599998
4/17/2018,35.360001,78.330002,336.720001,87.900002,88.25
4/18/2018,35.209999,79.220001,341,87.57,89.400002
4/19/2018,34.82,79.419998,340.640015,87.889999,86.449997
4/20/2018,34.669998,79,338.670013,86.980003,85
4/23/2018,34.889999,79.57,338.839996,86.099998,83.300003
4/24/2018,35,78.349998,329.059998,86.529999,81.599998
4/25/2018,35.200001,79.5,342.859985,87.169998,81.75
4/26/2018,33.099998,80.860001,342.790009,87.940002,83.5
4/27/2018,33.040001,77.790001,340.880005,87.290001,81.650002
4/30/2018,32.700001,77.75,333.559998,88.459999,82.25
5/1/2018,32.540001,76.949997,329.540009,87.410004,81.5
5/2/2018,32.060001,76.800003,324.190002,86.339996,83.150002
5/3/2018,31.940001,76.540001,330.690002,86.230003,84.599998
5/4/2018,32.139999,76.900002,334.429993,87.529999,83.650002
5/7/2018,32.040001,77.739998,340.429993,85.470001,85.150002
5/8/2018,31.700001,78.089996,338.369995,85.739998,86.050003
5/9/2018,31.4,79.93,344.5,83.059998,83.425003
5/10/2018,31.879999,81.720001,344.070007,82.690002,83.224998
5/11/2018,32.290001,81.279999,342.459991,83.379997,86.75
5/14/2018,32.189999,81.830002,344.589996,84.389999,84.25
5/15/2018,32.09,81.790001,342.119995,84.519997,82.050003
5/16/2018,32.299999,82.019997,340.970001,86.129997,86.449997
5/17/2018,31.93,81.879997,344.140015,84.489998,87.949997
5/18/2018,32.049999,81.300003,351.230011,83.639999,88.75
5/21/2018,32.59,82.279999,363.920013,84.510002,85.5
5/22/2018,32.43,81.639999,355.019989,83.370003,83.300003
5/23/2018,32.330002,82.150002,359.209991,83.010002,83.599998
5/24/2018,32.779999,80.269997,359,82.849998,84.5
5/25/2018,32.509998,78.709999,360.089996,82.459999,85.75
5/29/2018,32.330002,78.419998,352.480011,82.400002,85.099998
5/30/2018,32.57,81.5,358.190002,84.120003,85.199997
5/31/2018,32.32,81.239998,352.160004,82.540001,86.949997
6/1/2018,32.470001,81.830002,356.720001,82.989998,90
6/4/2018,32.41,80.970001,360.730011,85.419998,91.550003
6/5/2018,32.68,80.68,360.100006,84.620003,94.400002
6/6/2018,33.380001,82.059998,371.559998,84.559998,95.75
6/7/2018,33.810001,82.879997,368.529999,84.949997,92.900002
6/8/2018,33.830002,83.599998,369.5,84.360001,98.25
6/11/2018,34.18,83.099998,370.940002,84.300003,98.199997
6/12/2018,34.349998,82.419998,370.619995,84.099998,98.949997
6/13/2018,32.220001,81.510002,363.850006,84.089996,99.550003
6/14/2018,32.52,81.889999,362.420013,83.790001,103
6/15/2018,33.150002,80.660004,357.880005,83.699997,103.75
6/18/2018,32.189999,80.82,354.73999,83,106
6/19/2018,32.389999,80.699997,341.119995,83.610001,106.5
6/20/2018,32,80.449997,342.690002,83.610001,107.599998
6/21/2018,31.6,79.690002,337.660004,84.209999,105.650002
6/22/2018,31.690001,81.379997,338.910004,84.82,101.949997
6/25/2018,31.709999,79.739998,331.200012,86.470001,97.400002
6/26/2018,31.620001,80.639999,331.299988,85.980003,98.949997
6/27/2018,31.65,81.709999,329.820007,86.889999,96.800003
6/28/2018,32.189999,81.970001,334.649994,85.860001,99.550003
6/29/2018,32.110001,82.730003,335.51001,85.650002,100.300003
7/2/2018,32.209999,81.760002,336.079987,84,102.199997
7/3/2018,32.709999,82.239998,332.929993,84.440002,102
7/5/2018,32.599998,82.309998,333.179993,84.57,104.099998
7/6/2018,32.68,82.330002,334.640015,84.510002,105.300003
7/9/2018,32.150002,82.900002,341.920013,85.93,104.800003
7/10/2018,32.5,83.660004,347.160004,87.209999,104.099998
7/11/2018,31.870001,82.589996,340.600006,86.529999,104.199997
7/12/2018,32.23,82.690002,346.029999,86.519997,108.650002
7/13/2018,31.67,83.309998,350.790009,87.699997,106.699997
7/16/2018,31.9,82.489998,356.100006,87.639999,108.050003
7/17/2018,31.76,82.309998,356.880005,88.190002,109
7/18/2018,31.709999,82.220001,360.230011,88.07,108.75
7/19/2018,31.27,82.010002,355.329987,87.720001,104.650002
7/20/2018,31.1,81.400002,354.899994,88.059998,104.349998
7/23/2018,31,81.400002,353.269989,87.629997,108.900002
7/24/2018,31.68,83.010002,358.269989,87.959999,105.199997
7/25/2018,30.25,83.589996,355.920013,87.900002,110.849998
7/26/2018,30.35,84.239998,359.320007,88.230003,105.849998
7/27/2018,31.08,81.919998,360.649994,88.129997,101.449997
7/30/2018,32,81.739998,351.059998,88.879997,96.949997
7/31/2018,31.969999,81.510002,356.299988,89.230003,95
8/1/2018,31.9,80.389999,352.76001,88.239998,95.349998
8/2/2018,31.85,79.910004,349.730011,88.760002,99.599998
8/3/2018,32.27,80.199997,348.440002,89.599998,98.849998
8/6/2018,32.110001,80.18,346.570007,89.669998,100.300003
8/7/2018,32.400002,81.269997,350.76001,89.769997,102.599998
8/8/2018,32.360001,80.730003,347.779999,90.050003,102.949997
8/9/2018,32.490002,80.32,343.720001,89.010002,106.099998
8/10/2018,32.259998,79.419998,339.410004,90.18,106.199997
8/13/2018,32.209999,78.559998,338.359985,89.639999,104.050003
8/14/2018,32.240002,78.309998,339.140015,90.849998,103.199997
8/15/2018,32.470001,76.940002,331.76001,90.220001,99.650002
8/16/2018,33.09,78,345.980011,98.639999,99.550003
8/17/2018,33.029999,78.260002,346.399994,97.849998,102.25
8/20/2018,33.110001,78.809998,350.73999,96,99.800003
8/21/2018,33.400002,78.830002,353.769989,96.080002,102.099998
8/22/2018,32.68,79.959999,350.029999,95.669998,103.650002
8/23/2018,32.490002,79.080002,347.480011,95.18,105.300003
8/24/2018,32.639999,79.620003,349.380005,94.949997,106.849998
8/27/2018,32.830002,80.400002,353.73999,94.540001,108.599998
8/28/2018,32.669998,80.279999,351.209991,96.07,109.050003
8/29/2018,32.23,80.860001,350.190002,95.639999,109.599998
8/30/2018,31.959999,80.510002,346.899994,96.099998,109.650002
8/31/2018,31.940001,80.169998,342.790009,95.860001,111.099998
9/4/2018,31.860001,80.290001,346.25,95.360001,111.300003
9/5/2018,32.02,81.360001,346.679993,96.620003,106.599998
9/6/2018,32.18,80.459999,351.269989,96.449997,106.300003
9/7/2018,32.119999,81.830002,349.279999,95.830002,108.25
9/10/2018,32.389999,81.709999,341.859985,96.900002,111.650002
9/11/2018,32.669998,82.860001,345.25,96.639999,113.650002
9/12/2018,33.419998,83.129997,353.410004,95.970001,113.949997
9/13/2018,33.68,82.32,355.459991,95.120003,116.099998
9/14/2018,33.599998,82.919998,359.799988,94.589996,115.949997
9/17/2018,33.619999,83.410004,355.959991,94.82,111.150002
9/18/2018,33.720001,83.629997,363.579987,95.43,114.849998
9/19/2018,33.369999,84.629997,365.220001,95.239998,112.449997
9/20/2018,33.439999,84.82,367.459991,95.75,114.099998
9/21/2018,33.779999,85.169998,372.230011,95.900002,113.5
9/24/2018,33.91,86.599998,367.98999,94.919998,112
9/25/2018,33.759998,86.5,367.230011,95.099998,116.300003
9/26/2018,33.349998,85.779999,365.029999,94.589996,115.800003
9/27/2018,33.419998,85.769997,367.390015,94.129997,119
9/28/2018,33.580002,85.019997,371.899994,93.910004,119.699997
10/1/2018,33.490002,85.809998,382.290009,94.400002,114.980003
10/2/2018,33.919998,86.459999,386.369995,95.150002,111.959999
10/3/2018,33.919998,86.150002,392.299988,94.07,114.010002
10/4/2018,34.119999,85.580002,389.98999,94.209999,109.019997
10/5/2018,33.990002,85.339996,386.470001,93.309998,109.269997
10/8/2018,34.110001,86.129997,385.769989,94.690002,100.589996
10/9/2018,33.5,86.510002,385.440002,97.080002,99.580002
10/10/2018,32.849998,84.519997,367.470001,95.760002,94.099998
10/11/2018,31.75,81.599998,358.109985,93.919998,92.120003
10/12/2018,32.25,81.379997,360.109985,94.809998,97.510002
10/15/2018,32.360001,80.82,358.880005,93.82,97.269997
10/16/2018,32.389999,81.199997,368.25,95.809998,102.360001
10/17/2018,32.57,81.5,365.5,96.559998,102.389999
10/18/2018,32.5,81.849998,359.350006,96.169998,97.449997
10/19/2018,32.869999,81.970001,356.26001,97.150002,95
10/22/2018,32.669998,81.150002,355.980011,97.139999,97.980003
10/23/2018,33.02,79.839996,350.049988,97.800003,97.419998
10/24/2018,30.360001,77.620003,354.649994,97.559998,91.550003
10/25/2018,29.98,78.309998,363.769989,99.18,96.699997
10/26/2018,29.09,77.529999,359.269989,98.940002,94.370003
10/29/2018,29.639999,77.050003,335.589996,99.800003,90.519997
10/30/2018,30.469999,78.779999,349.910004,102.419998,91.82
10/31/2018,30.68,79.68,354.859985,100.279999,97.349998
11/1/2018,30.49,80.669998,363.070007,100.580002,101.769997
11/2/2018,30.52,81.949997,357.75,101.339996,101.669998
11/5/2018,30.629999,81.639999,361.980011,102.910004,98.550003
11/6/2018,30.959999,81.989998,366.470001,103.330002,99.550003
11/7/2018,31.1,83.029999,372.019989,104.32,101.910004
11/8/2018,31.040001,81.709999,370.769989,104.879997,101.440002
11/9/2018,30.690001,80.870003,369.339996,105.559998,95.93
11/12/2018,30.780001,79.830002,357.029999,103.870003,88.599998
11/13/2018,30.33,78,349.51001,102.940002,91.309998
11/14/2018,30.51,77.389999,344.720001,101.529999,89.349998
11/15/2018,30.120001,78.190002,341.570007,99.540001,94.989998
11/16/2018,30.290001,78.959999,335.950012,97.690002,96.599998
11/19/2018,30.35,79.220001,320.940002,96.779999,85.040001
11/20/2018,29.42,76.970001,317.700012,94.160004,86.160004
11/21/2018,29.77,77.559998,317.320007,94.169998,86.889999
11/23/2018,29.360001,75.489998,312.320007,95.099998,88.400002
11/26/2018,29.950001,76.980003,316.359985,95.150002,92.279999
11/27/2018,30.440001,77.050003,318.029999,95.040001,89.540001
11/28/2018,30.74,78.449997,333.5,97.459999,94.410004
11/29/2018,30.57,79.059998,342.559998,97.290001,93.510002
11/30/2018,31.24,79.5,346.76001,97.650002,94.18
12/3/2018,31.709999,81.220001,359.959991,98.75,96.470001
12/4/2018,30.73,79.43,342.5,95.809998,93.980003
12/6/2018,30.530001,78.389999,331.899994,94.769997,93.690002
12/7/2018,30.139999,77.639999,323.220001,93.190002,89.419998
12/10/2018,29.91,76.540001,326.350006,93.940002,91.389999
12/11/2018,29.700001,76.68,322.029999,93.849998,92.080002
12/12/2018,30.16,76.019997,326.690002,93.110001,88.669998
12/13/2018,29.91,76.980003,325.470001,92.959999,86.970001
12/14/2018,30.219999,75.580002,318.75,91.849998,87.199997
12/17/2018,29.860001,74.040001,316.130005,90.769997,83.18
12/18/2018,29.75,72,328.059998,91.080002,85.669998
12/19/2018,29.82,70.779999,319.549988,90.550003,85.599998
12/20/2018,28.65,68.629997,313.049988,87.279999,84.919998
12/21/2018,28.309999,68.120003,304.549988,87.129997,82.099998
12/24/2018,27.360001,65.510002,294.160004,85.82,82.669998
12/26/2018,28.08,68.639999,313.929993,90.410004,89.410004
12/27/2018,28.15,68.940002,317.140015,91.589996,90.25
12/28/2018,28.459999,68.169998,316.380005,92.129997,89.419998
12/31/2018,28.540001,68.190002,322.5,93.150002,90.339996
1/2/2019,29.540001,69.690002,323.809998,93.339996,90.650002
1/3/2019,29.58,68.620003,310.899994,92.860001,85.160004
1/4/2019,30.34,71.150002,327.079987,93.440002,91.889999
1/7/2019,30.889999,71.519997,328.109985,94.540001,95.440002
1/8/2019,31.280001,72.040001,340.529999,95.199997,95.910004
1/9/2019,30.1,72.419998,343.829987,94.889999,98.019997
1/10/2019,30.4,72.050003,352.609985,94.959999,99.889999
1/11/2019,30.870001,71.720001,352.899994,94.839996,101.290001
1/14/2019,30.620001,71.629997,350.359985,94.949997,99.290001
1/15/2019,30.6,71.669998,352.23999,96.25,101.339996
1/16/2019,30.559999,71.639999,352.059998,96.349998,101.57
1/17/2019,30.639999,72.129997,359.089996,96.739998,103.910004
1/18/2019,30.959999,72.989998,364.730011,97.730003,104.290001
1/22/2019,30.58,71.889999,357.899994,97.489998,101.870003
1/23/2019,30.889999,71.300003,358.609985,98.709999,102.360001
1/24/2019,30.6,71.400002,358.269989,98.360001,103.900002
1/25/2019,30.66,71.720001,364.200012,96.940002,106.519997
1/28/2019,30.67,71.239998,362.970001,97.059998,105.150002
1/29/2019,30.700001,71.510002,364.910004,96.709999,103.790001
1/30/2019,29.370001,72.290001,387.720001,94.800003,106.989998
1/31/2019,30.059999,73.279999,385.619995,95.830002,109.349998
2/1/2019,30,75.919998,387.429993,93.860001,110.110001
2/4/2019,29.610001,74.82,397,94.769997,110.690002
2/5/2019,29.629999,75.589996,410.179993,95.599998,111.220001
2/6/2019,29.559999,75.260002,411.109985,95.639999,109.82
2/7/2019,29.450001,74.68,405.170013,96.730003,108.099998
2/8/2019,29.549999,73.980003,404.910004,95.580002,111.010002
2/11/2019,29.709999,74.099998,403.950012,96.199997,111.269997
2/12/2019,29.809999,75.400002,410.720001,96.970001,116.129997
2/13/2019,29.84,76.25,410.579987,97.940002,119.410004
2/14/2019,29.790001,76.269997,409.820007,98.519997,119.660004
2/15/2019,30.469999,77.709999,417.970001,99.989998,121.400002
2/19/2019,30.629999,78.230003,416.26001,102.199997,125.75
2/20/2019,30.85,78.529999,421.549988,99.879997,111.110001
2/21/2019,30.83,77.82,417.579987,99.389999,108.68
2/22/2019,31.15,78.419998,424.049988,99.550003,111.959999
2/25/2019,31.129999,78.5,426.869995,99.120003,114.18
2/26/2019,31.219999,78.660004,426.769989,98.690002,114.089996
2/27/2019,31.059999,79.470001,435.440002,98.110001,113.669998
2/28/2019,31.120001,79.029999,439.959991,98.989998,109.25
3/1/2019,30.82,80,440.619995,97.93,109.099998
3/4/2019,29.98,80.309998,432.690002,97.849998,109.029999
3/5/2019,29.950001,80.190002,430.119995,98.339996,107.209999
3/6/2019,29.809999,79.279999,424.459991,98.260002,106.870003
3/7/2019,29.92,80.160004,422.559998,97.449997,107.279999
3/8/2019,29.959999,79.010002,422.540009,97.589996,105.980003
3/11/2019,30.219999,79.779999,400.01001,98.480003,108.150002
3/12/2019,30.629999,80,375.410004,98.370003,108.360001
3/13/2019,30.280001,80.709999,377.140015,99.029999,107.849998
3/14/2019,30.280001,80.440002,373.299988,98.220001,109.269997
3/15/2019,30.67,80.150002,378.98999,98.419998,107.25
3/18/2019,30.799999,81.080002,372.279999,99.660004,107.959999
3/19/2019,30.68,80.870003,373.429993,99.849998,108.889999
3/20/2019,30.51,81.32,376.160004,98.639999,118.120003
3/21/2019,31.059999,81.790001,372.700012,99.059998,122.650002
3/22/2019,31.07,80.480003,362.170013,98.279999,117.980003
3/25/2019,30.77,79.919998,370.459991,98.169998,118.919998
3/26/2019,31.389999,80.959999,370.380005,98.32,121.769997
3/27/2019,31.4,80.339996,374.209991,97.209999,117.400002
3/28/2019,31.01,80.739998,374.440002,97.129997,118.839996
3/29/2019,31.360001,80.800003,381.420013,97.529999,120.830002
4/1/2019,31.950001,81.730003,391.540009,97.82,119.150002
4/2/2019,31.629999,81.379997,390.75,96.940002,119.300003
4/3/2019,31.870001,80.900002,384.73999,97.190002,119.260002
4/4/2019,31.98,82.050003,395.859985,98.110001,118.650002
4/5/2019,32.349998,82.489998,391.929993,98.830002,120.110001
4/8/2019,32.389999,83,374.519989,99.230003,119.360001
4/9/2019,31.75,81.93,369.040009,98.690002,120.339996
4/10/2019,31.879999,81.559998,364.940002,99.599998,122.650002
4/11/2019,32.200001,81.949997,370.160004,100.800003,121.620003
4/12/2019,32.200001,80.919998,379.640015,101.559998,125.019997
4/15/2019,32.02,80.650002,375.459991,102.43,124.980003
4/16/2019,32.25,81.199997,381.720001,102.93,124.480003
4/17/2019,31.950001,81.43,377.519989,103.160004,122.510002
4/18/2019,32.029999,81.129997,380.070007,103.18,122.75
4/22/2019,32.080002,82.900002,375.170013,102.370003,125.68
4/23/2019,32.099998,83.379997,374.019989,103.07,128.25
4/24/2019,30.790001,81.760002,375.459991,103.529999,129.589996
4/25/2019,30.34,82.220001,382.799988,103.519997,129.949997
4/26/2019,30.68,80.489998,380.790009,101.529999,133.520004
4/29/2019,30.879999,79.970001,379.049988,101.559998,133.570007
4/30/2019,30.959999,80.279999,377.690002,102.839996,134.160004
5/1/2019,30.790001,78.669998,376.799988,101.360001,133.429993
5/2/2019,30.620001,77.290001,375.799988,101.150002,136.800003
5/3/2019,30.700001,77.470001,376.459991,102.080002,141.399994
5/6/2019,30.59,77.129997,371.600006,102.459999,142.029999
5/7/2019,30.530001,76.720001,357.230011,101.300003,137.220001
5/8/2019,30.299999,76.839996,359.75,100.300003,140.699997
5/9/2019,30.379999,76.769997,354.130005,99.540001,141.169998
5/10/2019,30.620001,76.559998,354.670013,101.910004,143.360001
5/13/2019,30.469999,75.709999,337.369995,99.889999,137.460007
5/14/2019,31.09,75.809998,343.040009,100.290001,137.509995
5/15/2019,31.25,76.370003,345.640015,99.879997,142.089996
5/16/2019,31.620001,76.360001,353.809998,101.309998,134.860001
5/17/2019,31.799999,75.910004,355.019989,100.860001,139.240005
5/20/2019,32.189999,75.900002,352.790009,101.519997,136.600006
5/21/2019,32.41,76.25,358.75,101.120003,135.809998
5/22/2019,32.279999,75.559998,352.779999,102.230003,136.490005
5/23/2019,32.139999,73.790001,350.549988,101.860001,133.399994
5/24/2019,32.27,74.099998,354.899994,102.669998,134.789993
5/28/2019,31.93,72.610001,354.880005,102.419998,134.759995
5/29/2019,31.91,72.160004,348.799988,102.120003,133.940002
5/30/2019,31.860001,71.970001,349.869995,102.190002,139.520004
5/31/2019,30.58,70.769997,341.609985,101.440002,137.339996
6/3/2019,31.09,71.879997,338.890015,101.959999,133.729996
6/4/2019,31.48,73.589996,344.619995,102.559998,138.179993
6/5/2019,31.68,72.980003,348.75,104.419998,140.940002
6/6/2019,32.099998,74.309998,350.640015,105.110001,141.960007
6/7/2019,32.490002,74.580002,353.700012,106.059998,144.779999
6/10/2019,31.93,74.910004,353.799988,107.519997,146.009995
6/11/2019,32.110001,74.839996,349.329987,107.940002,142.440002
6/12/2019,32.18,74.029999,347.029999,108.82,143.610001
6/13/2019,32.290001,74.68,348.859985,108.650002,143.220001
6/14/2019,32.349998,74.349998,347.160004,109.07,142.940002
6/17/2019,32.299999,75.089996,354.899994,109.160004,145.210007
6/18/2019,32.439999,75.739998,373.959991,109.650002,144.630005
6/19/2019,32.41,75.32,368.559998,109.620003,145.839996
6/20/2019,32.540001,76.610001,374.880005,110.32,149.039993
6/21/2019,32.450001,77.690002,371.839996,111.129997,148.119995
6/24/2019,32.580002,76.949997,373.98999,111.239998,144.110001
6/25/2019,32.549999,76.269997,369.320007,110.720001,139.759995
6/26/2019,32.529999,76.599998,374.940002,110.160004,139.589996
6/27/2019,32.98,75.82,364.019989,110.099998,140.949997
6/28/2019,33.509998,76.629997,364.01001,110.489998,142.100006
7/1/2019,33.43,76.559998,356.459991,110.620003,143.020004
7/2/2019,33.84,75.720001,354.160004,111.599998,144.619995
7/3/2019,33.98,76.440002,354.470001,112.32,143.529999
7/5/2019,34.299999,76.129997,355.859985,111.980003,143.710007
7/8/2019,34.25,76.480003,351.119995,112.720001,144.130005
7/9/2019,33.540001,76.43,353.089996,112.879997,145.270004
7/10/2019,33.759998,77.510002,352.299988,112.980003,145.589996
7/11/2019,33.459999,77.57,359,113.919998,144.75
7/12/2019,33.650002,77.629997,365.329987,114.599998,143.479996
7/15/2019,33.709999,77.080002,361.609985,114.980003,143
7/16/2019,33.580002,75.93,362.75,114.760002,139.470001
7/17/2019,33.259998,75.480003,369.519989,114.599998,141.910004
7/18/2019,33.09,74.839996,361.109985,114.720001,143.100006
7/19/2019,32.790001,74.989998,377.359985,113.900002,145.839996
7/22/2019,32.130001,75.07,373.420013,112.82,145.520004
7/23/2019,32.09,75.370003,373.070007,112.089996,146.100006
7/24/2019,33.240002,75.360001,361.429993,112,151.520004
7/25/2019,33.810001,74.93,348.089996,112.220001,145.470001
7/26/2019,34.150002,74.809998,345,113.019997,149.139999
7/29/2019,34.34,75.339996,340.209991,112.269997,147.419998
7/30/2019,34.18,75.349998,347.459991,112.059998,148.009995
7/31/2019,34.049999,74.360001,341.179993,110.379997,148.520004
8/1/2019,34.119999,72.459999,334.290009,109.379997,149.160004
8/2/2019,34.169998,71.75,339.559998,109.400002,148.589996
8/5/2019,33.490002,70.279999,331.059998,105.82,142.020004
8/6/2019,33.959999,70.959999,332.450012,107.269997,143.240005
8/7/2019,34.060001,70.5,331.380005,108.199997,145.050003
8/8/2019,34.540001,72.379997,336.350006,108.519997,148.110001
8/9/2019,34.540001,70.839996,337.549988,107.279999,148.429993
8/12/2019,34.48,69.629997,332.940002,105.220001,145.990005
8/13/2019,34.860001,70.489998,332.859985,107.410004,149.860001
8/14/2019,34.09,67.650002,320.420013,106.199997,143.179993
8/15/2019,34.34,67.25,328,112.690002,142.199997
8/16/2019,34.970001,68.300003,330.450012,112.989998,143.800003
8/19/2019,35.380001,69.449997,333.779999,113.809998,145.190002
8/20/2019,34.98,69.029999,331.75,112.050003,145.839996
8/21/2019,35.16,69.720001,339.98999,112.019997,147.089996
8/22/2019,35.389999,69.57,354.410004,111.910004,149.839996
8/23/2019,34.82,67.489998,356.01001,110.830002,147.380005
8/26/2019,34.93,67.849998,359.040009,111.989998,146.639999
8/27/2019,34.720001,67.190002,354.730011,112.419998,145.639999
8/28/2019,34.959999,67.68,359.970001,112.720001,139.070007
8/29/2019,35.150002,68.43,362.73999,114.080002,139.699997
8/30/2019,35.259998,68.480003,364.089996,114.260002,140.25
9/3/2019,35.380001,68.559998,354.420013,114.639999,136.940002
9/4/2019,35.720001,69.290001,356.529999,115.910004,136.75
9/5/2019,35.889999,70.269997,360.299988,115.440002,135.940002
9/6/2019,36.25,70.93,363,114.730003,134.809998
9/9/2019,36.790001,71.489998,358.779999,116.330002,134.710007
9/10/2019,37.580002,72.07,369.48999,116.050003,129.880005
9/11/2019,38.740002,71.93,382.940002,116.019997,128.570007
9/12/2019,38.380001,71.980003,375.630005,116.919998,126.400002
9/13/2019,37.91,72.639999,379.76001,117.43,123.809998
9/16/2019,37.310001,73.730003,378.850006,115.57,123.959999
9/17/2019,37.16,73.169998,384.200012,116.510002,125.68
9/18/2019,36.759998,72.82,386.410004,117.160004,124.5
9/19/2019,37.150002,72.330002,384.440002,117.110001,123.550003
9/20/2019,37.91,72.080002,379.390015,116.980003,121.769997
9/23/2019,37.599998,72.129997,377.029999,117.620003,120.970001
9/24/2019,37.380001,71.139999,381.649994,118.400002,115.540001
9/25/2019,37.380001,71.349998,386.200012,118.470001,117.910004
9/26/2019,37.380001,70.970001,386.890015,118.300003,117.389999
9/27/2019,37.43,71.480003,382.859985,118.449997,115.099998
9/30/2019,37.84,70.610001,380.470001,118.68,116.739998
10/1/2019,37.41,68.949997,374.940002,117.849998,114.209999
10/2/2019,37.080002,67.150002,367.359985,116.120003,114.080002
10/3/2019,37.189999,67.980003,372.070007,116.309998,120.379997
10/4/2019,37.509998,68.970001,375.700012,118.160004,123.5
10/7/2019,37.66,68.019997,376.540009,117.230003,123.57
10/8/2019,37.48,66.699997,374.100006,117.580002,122.010002
10/9/2019,37.049999,67.440002,374.959991,118.93,122.849998
10/10/2019,37.419998,68.25,371,119.610001,124.75
10/11/2019,37.580002,68.980003,374.920013,120.239998,125.870003
10/14/2019,37.470001,69.18,373.179993,119.169998,125.669998
10/15/2019,37.900002,69.419998,370.959991,119.529999,124.889999
10/16/2019,37.790001,68.230003,372.429993,119.419998,123.110001
10/17/2019,37.810001,68.139999,369.059998,119.839996,123.839996
10/18/2019,38.470001,67.610001,344,119.139999,118.550003
10/21/2019,38.23,68.739998,331.059998,119.739998,119.400002
10/22/2019,38.169998,69.089996,337,119.580002,114.309998
10/23/2019,37.740002,69.75,340.5,119.349998,116.559998
10/24/2019,36.82,69.089996,344.549988,119.099998,119.949997
10/25/2019,36.91,69.25,339.829987,119.040001,120.720001
10/28/2019,38.490002,68.639999,340.880005,119.220001,123.879997
10/29/2019,38.060001,68.440002,348.929993,117.150002,122.970001
10/30/2019,38.200001,67.720001,346.059998,118.099998,124.510002
10/31/2019,38.490002,67.57,339.910004,117.260002,122.07
11/1/2019,38.950001,69.599998,345.190002,117.620003,126.580002
11/4/2019,38.889999,71.669998,351.089996,117.57,129.080002
11/5/2019,39.169998,73.089996,358.290009,118.860001,127.919998
11/6/2019,39.25,71.489998,354.190002,119.5,127.18
11/7/2019,39.419998,73.010002,357.309998,120.230003,126.660004
11/8/2019,39.380001,70.769997,351,119.440002,128.100006
11/11/2019,39.369999,70.339996,366.959991,119.040001,127.279999
11/12/2019,39.169998,69.370003,362.880005,119.120003,132.029999
11/13/2019,39.16,68.800003,362.5,120.980003,135.699997
11/14/2019,38.950001,68.5,367.440002,120.650002,125.199997
11/15/2019,39.5,69.190002,371.679993,118.870003,130.369995
11/18/2019,39.630001,68.519997,369.459991,120.25,126.629997
11/19/2019,38,67.82,367,119.889999,127.059998
11/20/2019,37.18,68.029999,370.910004,119.129997,125.849998
11/21/2019,37.599998,69.669998,366.440002,119.860001,120.709999
11/22/2019,37.75,69.370003,371.339996,119.360001,120.900002
11/25/2019,37.259998,68.910004,373.130005,118.919998,121.919998
11/26/2019,37.400002,68.739998,373.51001,119.190002,121.029999
11/27/2019,37.66,68.699997,368,118.760002,122
11/29/2019,37.380001,68.129997,366.179993,119.089996,120.889999
12/2/2019,37.32,68.419998,355.179993,119.279999,120.419998
12/3/2019,37.549999,67.879997,352.079987,118.669998,122.489998
12/4/2019,38.099998,68.650002,348.839996,118.690002,121.220001
12/5/2019,38.189999,68.410004,345.679993,118.660004,118.75
12/6/2019,38.200001,69.510002,354.089996,119.779999,119.860001
12/9/2019,38.040001,69.660004,351.209991,119.360001,118.639999
12/10/2019,38.060001,69.059998,347.899994,119.139999,119.050003
12/11/2019,38.169998,68.959999,350,119,119.550003
12/12/2019,38.349998,70.339996,346.290009,119.760002,119.040001
12/13/2019,38.259998,69.230003,341.670013,120.290001,119.080002
12/16/2019,38.59,70,327,120.540001,119.18
12/17/2019,38.5,69.68,327,121.279999,119.599998
12/18/2019,38.740002,69.870003,330.679993,119.860001,118.739998
12/19/2019,38.93,69.389999,333.5,120.080002,121.160004
12/20/2019,39.150002,69.940002,328,120.290001,117.290001
12/23/2019,39.07,70.290001,337.549988,119.029999,116.75
12/24/2019,38.959999,70.019997,333,119.510002,120.18
12/26/2019,39.16,70.129997,329.920013,119.519997,121.709999
12/27/2019,39.240002,69.889999,330.140015,119.589996,121.815002
12/30/2019,39.040001,69.480003,326.399994,119.400002,121.25
12/31/2019,39.080002,69.779999,325.76001,118.839996,122.379997
1/2/2020,38.860001,70.900002,333.320007,118.940002,127.550003
1/3/2020,39.060001,70.330002,332.76001,117.889999,128.919998
1/6/2020,39.099998,70.870003,333.73999,117.650002,131.630005
1/7/2020,39.25,70.290001,337.279999,116.559998,130.009995
1/8/2020,39.369999,69.230003,331.369995,116.160004,133.779999
1/9/2020,38.799999,69.760002,336.339996,117.360001,140.080002
1/10/2020,38.57,69.139999,329.920013,116.379997,140.259995
1/13/2020,38.099998,69.800003,330.220001,115.879997,142.429993
1/14/2020,38.09,69.199997,332.350006,116.18,142.740005
1/15/2020,37.869999,69.089996,329.799988,115.279999,141.970001
1/16/2020,38.029999,68.82,332,115.900002,142.669998
1/17/2020,38.380001,68.559998,324.149994,114.959999,140.270004
1/21/2020,38.52,67.580002,313.369995,115.589996,140.380005
1/22/2020,39.040001,67.190002,309,116.099998,140.009995
1/23/2020,38.630001,66.769997,317.790009,115.809998,140.410004
1/24/2020,38.5,66.32,323.049988,114.370003,141.029999
1/27/2020,38.25,64.739998,316.600006,115.860001,139.630005
1/28/2020,38.580002,64.650002,316.559998,116.599998,142.800003
1/29/2020,37.049999,64.110001,322.019989,115.889999,143.399994
1/30/2020,37.43,64.790001,323.299988,116.580002,144.910004
1/31/2020,37.619999,62.119999,318.269989,114.489998,142.690002
2/3/2020,36.959999,60.73,316,114.269997,145.210007
2/4/2020,37.630001,59.970001,317.940002,115.269997,148.279999
2/5/2020,37.810001,62.73,329.549988,116.809998,145.5
2/6/2020,38.439999,61.880001,341.429993,116.309998,147.070007
2/7/2020,38.450001,61.470001,336.75,116.449997,145.050003
2/10/2020,38.34,59.959999,344.670013,115.25,145.800003
2/11/2020,38.169998,60.529999,344.420013,115.400002,144.320007
2/12/2020,38.040001,61.27,347.450012,115.849998,145
2/13/2020,38.310001,60.93,342.820007,117.440002,146.740005
2/14/2020,38.25,60.650002,340.48999,117.889999,148.259995
2/18/2020,38.259998,59.880001,338.880005,119.629997,151.740005
2/19/2020,38.439999,60.34,338.299988,117.68,155.240005
2/20/2020,38.610001,59.860001,336.279999,117.690002,141.679993
2/21/2020,38.549999,59.130001,330.380005,118.580002,137.309998
2/24/2020,38.049999,56.360001,317.899994,116.32,131.5
2/25/2020,37.349998,54.200001,304.140015,114.389999,133.690002
2/26/2020,37.099998,53.009998,305.589996,113.779999,132.5
2/27/2020,35.73,49.82,287.76001,110.400002,134.119995
2/28/2020,35.220001,51.439999,275.109985,107.68,134.029999
3/2/2020,37.18,53.880001,289.269989,115.879997,138.720001
3/3/2020,36.299999,51.299999,280.619995,112.910004,135.130005
3/4/2020,38.18,52.419998,283.119995,116.769997,140.710007
3/5/2020,37.18,50.110001,260.369995,115.919998,137.179993
3/6/2020,37.029999,47.689999,262.329987,117.230003,136.25
3/9/2020,34.689999,41.860001,227.169998,117.160004,116.089996
3/10/2020,35.849998,43.41,231.009995,119.790001,120.900002
3/11/2020,34.52,41.98,189.080002,114.43,114.980003
3/12/2020,31.33,37.18,154.839996,104.050003,104.720001
3/13/2020,34.470001,38.119999,170.199997,114.099998,112.5
3/16/2020,31.809999,34.490002,129.610001,106.760002,88
3/17/2020,33.740002,36.810001,124.139999,119.260002,91.459999
3/18/2020,32.849998,33.119999,101.889999,122.580002,81.5
3/19/2020,31.15,34.43,97.709999,119.449997,102.139999
3/20/2020,28.450001,32.740002,95.010002,113.970001,97.220001
3/23/2020,26.77,31.450001,105.620003,114.279999,94.480003
3/24/2020,28.09,35.439999,127.68,115.029999,107.099998
3/25/2020,28.4,37.290001,158.729996,109.400002,114.760002
3/26/2020,30.6,38.82,180.550003,109.82,119.800003
3/27/2020,29.84,36.950001,162,109.580002,106.260002
3/30/2020,30.23,37.5,152.279999,115.190002,104.480003
3/31/2020,29.15,37.970001,149.139999,113.620003,100.82
4/1/2020,28.049999,37.529999,130.699997,114.139999,92.620003
4/2/2020,28.76,40.400002,123.269997,118.650002,93.849998
4/3/2020,27.459999,39.209999,124.519997,119.480003,94.290001
4/6/2020,29.440001,40.470001,148.770004,126.07,103.580002
4/7/2020,30.08,41.240002,141.580002,121.989998,106.010002
4/8/2020,29.889999,43.849998,146.869995,121.839996,115.989998
4/9/2020,30.73,43.130001,151.839996,121.800003,114.459999
4/13/2020,30.190001,42.759998,147.330002,125.300003,120.709999
4/14/2020,31.129999,42.43,141,129,123.339996
4/15/2020,30.09,40.48,145.979996,128.759995,118.410004
4/16/2020,30.16,39.150002,134.240005,132.330002,122.900002
4/17/2020,31.23,43.220001,154,132.119995,126.239998
4/20/2020,30.98,41.18,143.610001,129.850006,130.630005
4/21/2020,29.870001,40.959999,136.330002,129.210007,126.43
4/22/2020,29.469999,42.130001,134.970001,131.589996,135.679993
4/23/2020,29.5,43.450001,137.740005,128.529999,132.660004
4/24/2020,29.709999,43.73,128.979996,129.440002,134.360001
4/27/2020,30.540001,43.939999,128.679993,128.300003,132.5
4/28/2020,30.65,44.970001,131.300003,128,127.849998
4/29/2020,31.43,47.459999,139,123.599998,134.240005
4/30/2020,30.469999,46.470001,141.020004,121.550003,130.809998
5/1/2020,29.9,43.139999,133.369995,122.919998,124.18
5/4/2020,29.6,44.880001,131.460007,123.699997,125.690002
5/5/2020,29.74,44.830002,125.400002,124.730003,132.350006
5/6/2020,28.790001,43.990002,121.860001,123.300003,143.720001
5/7/2020,28.889999,44.240002,128.649994,121.889999,149.899994
5/8/2020,29.790001,46.18,133.440002,122.940002,159.949997
5/11/2020,29.379999,45.740002,128.910004,123.669998,165.830002
5/12/2020,28.889999,44.119999,125.220001,123.779999,165.580002
5/13/2020,28.09,41.93,121.5,123.709999,166.199997
5/14/2020,28.58,42.299999,122.519997,123.419998,189.589996
5/15/2020,28.309999,42,120,125.940002,201.779999
5/18/2020,29.450001,45.34,135.440002,127.660004,193.759995
5/19/2020,28.959999,43.939999,130.440002,124.949997,191.679993
5/20/2020,29.59,45.369999,133.320007,125.449997,202.970001
5/21/2020,29.77,44.560001,139,124.989998,206.809998
5/22/2020,29.879999,44.599998,137.529999,124.330002,215.210007
5/26/2020,30.82,45.91,144.729996,123.860001,209.759995
5/27/2020,31.85,46.240002,149.520004,122.480003,205.960007
5/28/2020,31.059999,45.040001,149.820007,123.690002,207.399994
5/29/2020,30.860001,45.470001,145.850006,124.059998,222.330002
6/1/2020,30.93,46.279999,151.389999,123.959999,220.970001
6/2/2020,30.99,47.310001,153.309998,123.940002,228.190002
6/3/2020,31.51,49.240002,173.160004,123.470001,227.820007
6/4/2020,31.799999,49.099998,184.300003,122.110001,219.75
6/5/2020,32.77,53.080002,205.429993,121.559998,213.289993
6/8/2020,33.23,54.740002,230.5,121.239998,215.229996
6/9/2020,32.619999,53.52,216.740005,121.349998,215.869995
6/10/2020,32.139999,50.650002,203.410004,121.160004,221.580002
6/11/2020,30.17,46.18,170,120.089996,215.910004
6/12/2020,30.5,47.169998,189.509995,117.739998,216.059998
6/15/2020,30.5,47.139999,190.940002,118.080002,221.199997
6/16/2020,30.780001,48.200001,197.770004,119.650002,221.380005
6/17/2020,30.26,46.630001,192.539993,119.029999,228.369995
6/18/2020,30.35,46.919998,192.289993,117.989998,231.880005
6/19/2020,30.309999,45.98,187.020004,119.849998,236.850006
6/22/2020,30.110001,46.419998,188.520004,121.68,243.850006
6/23/2020,30.25,46.700001,187.880005,121.07,243.320007
6/24/2020,29.42,44.5,176.690002,120.300003,241.279999
6/25/2020,29.719999,45.169998,174.880005,119.709999,253.699997
6/26/2020,29.08,43.619999,170.009995,118.32,251.830002
6/29/2020,29.91,44.32,194.490005,119.059998,249.699997
6/30/2020,30.23,44.720001,183.300003,119.779999,256.220001
7/1/2020,29.9,43.709999,180.320007,119.690002,265.769989
7/2/2020,30.08,44.080002,180.809998,119.209999,272.850006
7/6/2020,30.49,44.389999,187.910004,118.889999,276.559998
7/7/2020,30.32,43.240002,178.880005,126.949997,282.809998
7/8/2020,30.459999,43.139999,180.080002,124.440002,292.119995
7/9/2020,29.540001,41.360001,173.279999,127.75,296.709991
7/10/2020,30.129999,42.650002,178.440002,130.679993,294.230011
7/13/2020,29.76,42.66,175.649994,129.520004,281
7/14/2020,29.959999,44.07,179.960007,132.009995,279.820007
7/15/2020,30.01,44.630001,187.940002,132,273.679993
7/16/2020,30.389999,44.279999,178.699997,132.199997,271.420013
7/17/2020,30.25,43.52,175.660004,131.740005,270.299988
7/20/2020,29.85,42.5,174.419998,131.470001,282.179993
7/21/2020,30.25,44.650002,178.630005,132.330002,275.690002
7/22/2020,30.16,43.610001,179.789993,132.660004,273.549988
7/23/2020,29.9,43.700001,176.449997,131.639999,269.75
7/24/2020,29.57,43.43,173.759995,131.240005,267.470001
7/27/2020,29.290001,44.07,170.210007,131.210007,272.470001
7/28/2020,29.690001,43.549999,170.839996,131.759995,269.709991
7/29/2020,29.559999,44.029999,166.009995,130.690002,279.380005
7/30/2020,29.57,41.869999,161.949997,130.119995,284.920013
7/31/2020,29.58,42.080002,158,129.399994,290.480011
8/3/2020,29.620001,42.25,162.270004,129.300003,302.529999
8/4/2020,30.01,43.470001,165.070007,131.639999,304.549988
8/5/2020,29.85,43.849998,174.279999,129.809998,309.589996
8/6/2020,29.84,43.639999,172.199997,129.350006,307.980011
8/7/2020,30.02,43.439999,170.020004,129.970001,291.600006
8/10/2020,30.200001,44.509998,179.410004,131.880005,277.940002
8/11/2020,30.200001,44.970001,180.130005,130.199997,268.589996
8/12/2020,30.18,44.09,175.440002,131.889999,271.799988
8/13/2020,29.91,43.009998,174.729996,131.850006,278.470001
8/14/2020,30.01,43.200001,178.080002,132.600006,277.679993
8/17/2020,29.85,42.639999,172.009995,135.600006,282.690002
8/18/2020,29.790001,42.43,170.229996,134.710007,286.799988
8/19/2020,29.73,41.959999,169.270004,132.410004,285.609985
8/20/2020,29.67,41.32,169.580002,130.570007,294.470001
8/21/2020,29.690001,41.009998,167.5,131.630005,284.399994
8/24/2020,30.030001,42.220001,178.270004,131.330002,279.23999
8/25/2020,29.9,40.880001,174.729996,130.630005,292.790009
8/26/2020,29.99,40.009998,171.899994,130.699997,296.929993
8/27/2020,29.9,39.740002,174.199997,136.630005,291.049988
8/28/2020,30.040001,40.689999,175.800003,140.300003,291.970001
8/31/2020,29.809999,39.939999,171.820007,138.850006,294.630005
9/1/2020,29.469999,39.43,172.100006,147.589996,299.709991
9/2/2020,29.700001,39.189999,174.779999,147.679993,296.959991
9/3/2020,29.59,39.110001,168.770004,144.539993,271.25
9/4/2020,29.42,39.080002,171.050003,142.830002,258.48999
9/8/2020,29.51,38.18,161.080002,138.449997,249.779999
9/9/2020,29.370001,37.950001,160.779999,139.889999,262.279999
9/10/2020,28.91,37,157.690002,136.809998,258.130005
9/11/2020,29,36.900002,160.229996,136.699997,254.100006
9/14/2020,29.139999,36.66,165.350006,137.320007,254.550003
9/15/2020,29.120001,36.27,163.490005,137.360001,260.040009
9/16/2020,29.24,37.810001,167.460007,136.259995,254.259995
9/17/2020,29.07,37.799999,167.529999,136.690002,253.389999
9/18/2020,28.93,37.189999,161.139999,135.289993,252.279999
9/21/2020,28.629999,36.43,156.350006,137.070007,254.520004
9/22/2020,28.51,35.529999,156.800003,138.309998,259.269989
9/23/2020,27.870001,34.389999,151.179993,135.990005,250.220001
9/24/2020,28.040001,34.32,146.050003,136.699997,248.460007
9/25/2020,28.040001,34.639999,156.029999,137.270004,248.25
9/28/2020,28.379999,35.310001,166.080002,137.25,254.669998
9/29/2020,28.299999,34.279999,163.600006,137.139999,255.5
9/30/2020,28.51,34.330002,165.259995,139.910004,254.850006
10/1/2020,28.49,33.130001,167.860001,143.080002,269.450012
10/2/2020,28.68,32.98,168.080002,140.5,253.570007
10/5/2020,28.67,33.740002,171.199997,141.800003,267.910004
10/6/2020,28.709999,33.389999,159.539993,140.630005,265.380005
10/7/2020,28.799999,33.5,164.610001,140.889999,281.809998
10/8/2020,28.610001,35.259998,168,141.360001,279.670013
10/9/2020,28.32,34.740002,167.330002,142.779999,291.820007
10/12/2020,28.129999,34.630001,167.350006,144.25,290.559998
10/13/2020,27.75,34.220001,162.139999,146.229996,295.640015
10/14/2020,27.49,34.150002,163.240005,143.940002,287.670013
10/15/2020,27.450001,34.450001,164.240005,144.529999,283.5
10/16/2020,27.33,34.099998,167.350006,144.710007,276.359985
10/19/2020,26.879999,33.419998,167.110001,142.949997,278.299988
10/20/2020,26.76,33.700001,167.240005,143.899994,278.649994
10/21/2020,26.719999,33.16,163.860001,144.399994,271.540009
10/22/2020,28.280001,34.860001,169.070007,143.550003,264.160004
10/23/2020,27.82,34.16,167.360001,143.850006,271.869995
10/26/2020,27.379999,33.349998,160.830002,142.160004,265.690002
10/27/2020,26.92,32.82,155.240005,142.869995,268
10/28/2020,26.5,31.57,148.139999,140.039993,262.869995
10/29/2020,26.76,32.970001,148.289993,139.919998,264.089996
10/30/2020,27.02,32.619999,144.389999,138.75,247.320007
11/2/2020,27.34,33.990002,148.600006,140.399994,253.240005
11/3/2020,27.459999,33.41,153.649994,142.779999,244.850006
11/4/2020,27.040001,33.23,151.630005,141.960007,266.109985
11/5/2020,27.51,33.169998,157.089996,143.470001,278.119995
11/6/2020,27.440001,32.779999,157.740005,145.770004,286.290009
11/9/2020,28.299999,36.93,179.360001,143.539993,254
11/10/2020,28.85,36.860001,188.690002,145.559998,244.169998
11/11/2020,28.73,36.48,182.149994,147.979996,269.779999
11/12/2020,28.440001,35.23,176.720001,148.229996,255.070007
11/13/2020,28.91,36.080002,187.110001,150.539993,244.259995
11/16/2020,28.969999,38.16,202.399994,152.440002,241.440002
11/17/2020,29.030001,38.669998,210.050003,149.369995,249.050003
11/18/2020,28.620001,37.209999,203.300003,149.089996,248.169998
11/19/2020,28.280001,37.400002,205.669998,152.119995,257.339996
11/20/2020,28.32,36.939999,199.619995,150.240005,256.670013
11/23/2020,28.620001,39.360001,211.529999,150.929993,248.610001
11/24/2020,29.23,41.98,218.490005,151.360001,247.429993
11/25/2020,28.99,40.810001,217.610001,151.830002,250.779999
11/27/2020,29.030001,40.189999,216.5,151.600006,258.619995
11/30/2020,28.75,38.130001,210.710007,152.789993,255.429993
12/1/2020,28.870001,38.5,213.009995,152.639999,249.729996
12/2/2020,29.09,39.939999,223.850006,150.520004,251.339996
12/3/2020,29.23,40.209999,237.199997,149.300003,253.429993
12/4/2020,29.540001,41.68,232.710007,148.910004,255.830002
12/7/2020,29.639999,40.900002,238.169998,148.110001,256.929993
12/8/2020,30.809999,42.240002,236.570007,149.449997,251.169998
12/9/2020,31.459999,42.799999,232.059998,148.270004,248.270004
12/10/2020,30.690001,44.009998,234.429993,147.039993,271.779999
12/11/2020,31.01,43.799999,230.330002,147,266.410004
12/14/2020,30.549999,42.220001,228.619995,145.649994,260.940002
12/15/2020,30.58,43.040001,229.5,145.580002,260.940002
12/16/2020,30.290001,43.700001,225.869995,145.429993,267.910004
12/17/2020,29.620001,43.48,221.240005,146.100006,270.049988
12/18/2020,29.4,42.73,219.75,145.949997,273.450012
12/21/2020,29.01,41.950001,219.309998,145.970001,269.630005
12/22/2020,28.4,41.240002,218.779999,144.199997,272.190002
12/23/2020,28.75,41.77,219.690002,143.220001,268.929993
12/24/2020,28.690001,41.599998,217.149994,143.5,267.100006
12/28/2020,28.549999,41.740002,216.089996,145.220001,252.729996
12/29/2020,28.540001,41.27,216.25,144.300003,253.850006
12/30/2020,28.49,41.599998,216.669998,144.179993,256.880005
12/31/2020,28.76,41.220001,214.059998,144.149994,249.960007
1/4/2021,29.440001,41.5,202.720001,146.529999,253.149994
1/5/2021,29.26,43.5,211.630005,145.75,259.25
1/6/2021,29.83,44.610001,211.029999,146.660004,247.860001
1/7/2021,29.91,44.959999,212.710007,146.649994,252.479996
1/8/2021,29.02,45.459999,209.899994,146.630005,263.529999
1/11/2021,28.870001,46.84,206.789993,147.289993,266.109985
1/12/2021,28.75,47.880001,208.410004,148.970001,260.829987
1/13/2021,28.610001,48.419998,207.210007,147.449997,253.509995
1/14/2021,29.290001,50.310001,209.910004,146.970001,248.509995
1/15/2021,29.17,47.889999,204.320007,144.639999,241.279999
1/19/2021,28.950001,48.84,210.710007,143.389999,249.839996
1/20/2021,28.959999,49.529999,211.449997,145.509995,251.619995
1/21/2021,28.83,48.110001,207.410004,144.850006,248.919998
1/22/2021,28.93,47.43,205.839996,146.330002,249.490005
1/25/2021,29.110001,46.900002,203.360001,146.199997,254.800003
1/26/2021,29.75,45.869999,202.059998,147.509995,246.619995
1/27/2021,29.139999,45.349998,194.029999,143.839996,244.5
1/28/2021,28.799999,46.060001,197.229996,143.75,248.240005
1/29/2021,28.629999,44.84,194.190002,140.490005,247.050003
2/1/2021,28.65,44.919998,195.839996,139.270004,259.98999
2/2/2021,28.540001,45.630001,200.940002,140.770004,277.059998
2/3/2021,28.51,47.419998,207.389999,141.199997,277.619995
2/4/2021,28.889999,48.330002,210.639999,142.529999,278.339996
2/5/2021,28.93,49.950001,207.929993,144.360001,277.130005
2/8/2021,28.77,52.099998,211.949997,145.029999,282.209991
2/9/2021,28.620001,50.630001,215.119995,145.830002,283.51001
2/10/2021,28.549999,51.119999,211.919998,144.130005,290.519989
2/11/2021,28.690001,49.84,210.660004,144.020004,295.809998
2/12/2021,28.799999,50.52,210.979996,144.470001,292.809998
2/16/2021,28.969999,52.040001,217.179993,145.660004,279.459991
2/17/2021,29.57,52.849998,215.520004,147.199997,302.160004
2/18/2021,29.23,52.02,208.479996,137.660004,344.119995
2/19/2021,29,52.369999,217.470001,138.339996,353.089996
2/22/2021,29.32,54.299999,212.880005,137.690002,335.829987
2/23/2021,29.18,55.049999,212.119995,135.470001,339.109985
2/24/2021,29.379999,56.700001,229.339996,133.210007,351.170013
2/25/2021,28.629999,55.759998,216.449997,131.949997,333.5
2/26/2021,27.889999,54.369999,212.009995,129.919998,348.570007
3/1/2021,28.09,56.400002,224.389999,131.369995,340.519989
3/2/2021,28.219999,56.07,223.139999,130.110001,342.940002
3/3/2021,28.719999,56.52,228.559998,127.589996,320.670013
