Date,Close
11/6/2013,16.309999
11/7/2013,16.559999
11/8/2013,17.299999
11/11/2013,17.940001
11/12/2013,17.549999
11/13/2013,17.27
11/14/2013,17.34
11/15/2013,17.66
11/18/2013,18.74
11/19/2013,18.110001
11/20/2013,18.41
11/21/2013,18.299999
11/22/2013,18.17
11/25/2013,18.299999
11/26/2013,18.209999
11/27/2013,19.530001
11/29/2013,20.5
12/2/2013,22.940001
12/3/2013,22.07
12/4/2013,21.030001
12/5/2013,21.93
12/6/2013,23.889999
12/9/2013,24.639999
12/10/2013,25.190001
12/11/2013,24.99
12/12/2013,23.959999
12/13/2013,24.23
12/16/2013,25.91
12/17/2013,27.620001
12/18/2013,27.92
12/19/2013,26.870001
12/20/2013,27.959999
12/23/2013,27.74
12/24/2013,27.82
12/26/2013,28.49
12/27/2013,28.16
12/30/2013,27.77
12/31/2013,26.85
1/2/2014,25.780001
1/3/2014,25.030001
1/6/2014,24.43
1/7/2014,24.049999
1/8/2014,24.299999
1/9/2014,26.059999
1/10/2014,26.450001
1/13/2014,26.889999
1/14/2014,27.389999
1/15/2014,27.43
1/16/2014,27.58
1/17/2014,28.450001
1/21/2014,28.85
1/22/2014,29.5
1/23/2014,30.07
1/24/2014,28.33
1/27/2014,27.09
1/28/2014,27.549999
1/29/2014,26.99
1/30/2014,27.91
1/31/2014,28.66
2/3/2014,27.01
2/4/2014,26.219999
2/5/2014,25.290001
2/6/2014,25.58
2/7/2014,28.139999
2/10/2014,28.51
2/11/2014,29.77
2/12/2014,29.809999
2/13/2014,29.450001
2/14/2014,29.040001
2/18/2014,28.280001
2/19/2014,27.940001
2/20/2014,28.98
2/21/2014,29.35
2/24/2014,29.120001
2/25/2014,31.23
2/26/2014,31.209999
2/27/2014,31.32
2/28/2014,30.9
3/3/2014,29.889999
3/4/2014,30.34
3/5/2014,29.219999
3/6/2014,29.65
3/7/2014,28.16
3/10/2014,26.870001
3/11/2014,26.549999
3/12/2014,27.35
3/13/2014,26.35
3/14/2014,26.4
3/17/2014,26.780001
3/18/2014,26.799999
3/19/2014,26.629999
3/20/2014,26.559999
3/21/2014,25.68
3/24/2014,23.209999
3/25/2014,23.5
3/26/2014,22.41
3/27/2014,20.200001
3/28/2014,21.02
3/31/2014,22.969999
4/1/2014,22.610001
4/2/2014,22.5
4/3/2014,22.790001
4/4/2014,21.440001
4/7/2014,21.01
4/8/2014,21.1
4/9/2014,22.75
4/10/2014,22.549999
4/11/2014,21.370001
4/14/2014,21
4/15/2014,21.209999
4/16/2014,21.25
4/17/2014,21.450001
4/21/2014,21.290001
4/22/2014,22
4/23/2014,21.82
4/24/2014,21.15
4/25/2014,20.52
4/28/2014,19.940001
4/29/2014,19.879999
4/30/2014,20.49
5/1/2014,20.24
5/2/2014,19.91
5/5/2014,19.84
5/6/2014,19.26
5/7/2014,18.440001
5/8/2014,17.24
5/9/2014,16.52
5/12/2014,17.43
5/13/2014,16.84
5/14/2014,16.219999
5/15/2014,14.76
5/16/2014,15.43
5/19/2014,15.95
5/20/2014,15.62
5/21/2014,15.57
5/22/2014,15.93
5/23/2014,15.43
5/27/2014,16.65
5/28/2014,17.84
5/29/2014,17.879999
5/30/2014,17.860001
6/2/2014,17.700001
6/3/2014,16.59
6/4/2014,16.549999
6/5/2014,16.700001
6/6/2014,17.01
6/9/2014,17.49
6/10/2014,18.030001
6/11/2014,17.83
6/12/2014,17.76
6/13/2014,17.93
6/16/2014,17.59
6/17/2014,17.629999
6/18/2014,17.76
6/19/2014,17.620001
6/20/2014,17.540001
6/23/2014,17.77
6/24/2014,20.040001
6/25/2014,20.059999
6/26/2014,20.049999
6/27/2014,19.99
6/30/2014,19.84
7/1/2014,20.23
7/2/2014,19.91
7/3/2014,20.09
7/7/2014,20
7/8/2014,19.309999
7/9/2014,19.93
7/10/2014,19.17
7/11/2014,19.1
7/14/2014,19.24
7/15/2014,18.33
7/16/2014,18.07
7/17/2014,17.92
7/18/2014,17.83
7/21/2014,17.360001
7/22/2014,17.92
7/23/2014,17.700001
7/24/2014,17.76
7/25/2014,17.629999
7/28/2014,17.190001
7/29/2014,17.75
7/30/2014,17.469999
7/31/2014,16.950001
8/1/2014,16.15
8/4/2014,16.33
8/5/2014,17.360001
8/6/2014,17.620001
8/7/2014,16.780001
8/8/2014,16.52
8/11/2014,16.5
8/12/2014,16.200001
8/13/2014,16.790001
8/14/2014,16.709999
8/15/2014,16.74
8/18/2014,17.49
8/19/2014,17.450001
8/20/2014,16.9
8/21/2014,17.6
8/22/2014,16.77
8/25/2014,16.92
8/26/2014,16.74
8/27/2014,16.5
8/28/2014,16.23
8/29/2014,16.459999
9/2/2014,16.629999
9/3/2014,16.700001
9/4/2014,16.559999
9/5/2014,16.200001
9/8/2014,16.889999
9/9/2014,16.870001
9/10/2014,16.84
9/11/2014,17.82
9/12/2014,17.98
9/15/2014,17.5
9/16/2014,17.620001
9/17/2014,17.68
9/18/2014,17.540001
9/19/2014,17.440001
9/22/2014,16.610001
9/23/2014,16.549999
9/24/2014,16.540001
9/25/2014,16.129999
9/26/2014,16.07
9/29/2014,16.76
9/30/2014,16.25
10/1/2014,16.68
10/2/2014,16.83
10/3/2014,17.83
10/6/2014,17.5
10/7/2014,16.799999
10/8/2014,17.41
10/9/2014,16.83
10/10/2014,16.52
10/13/2014,16.5
10/14/2014,16.48
10/15/2014,16.639999
10/16/2014,17.780001
10/17/2014,17.219999
10/20/2014,17.15
10/21/2014,17.379999
10/22/2014,16.84
10/23/2014,16.49
10/24/2014,16.27
10/27/2014,16.190001
10/28/2014,16.620001
10/29/2014,16.74
10/30/2014,16.58
10/31/2014,16.99
11/3/2014,17.059999
11/4/2014,16.940001
11/5/2014,17.690001
11/6/2014,17.059999
11/7/2014,17.440001
11/10/2014,17.49
11/11/2014,17.75
11/12/2014,18.98
11/13/2014,20.35
11/14/2014,20.24
11/17/2014,19.940001
11/18/2014,19.969999
11/19/2014,19.99
11/20/2014,20.459999
11/21/2014,21.450001
11/24/2014,21.48
11/25/2014,21.98
11/26/2014,21.76
11/28/2014,21.41
12/1/2014,20.51
12/2/2014,21.08
12/3/2014,21.23
12/4/2014,21.15
12/5/2014,21.77
12/8/2014,21.469999
12/9/2014,21.870001
12/10/2014,21.879999
12/11/2014,21.91
12/12/2014,21.59
12/15/2014,20.940001
12/16/2014,19.540001
12/17/2014,19.9
12/18/2014,20.6
12/19/2014,20.709999
12/22/2014,20.690001
12/23/2014,21.120001
12/24/2014,20.860001
12/26/2014,21.26
12/29/2014,20.799999
12/30/2014,20.83
12/31/2014,21
1/2/2015,21.049999
1/5/2015,20.49
1/6/2015,20.540001
1/7/2015,21.33
1/8/2015,21.33
1/9/2015,20.08
1/12/2015,19.67
1/13/2015,18.74
1/14/2015,18.700001
1/15/2015,18.35
1/16/2015,18.27
1/20/2015,19.1
1/21/2015,18.67
1/22/2015,19.450001
1/23/2015,20.17
1/26/2015,20.32
1/27/2015,20.549999
1/28/2015,19.940001
1/29/2015,20.110001
1/30/2015,19.780001
2/2/2015,18.629999
2/3/2015,18.82
2/4/2015,19.16
2/5/2015,19.26
2/6/2015,19.459999
2/9/2015,18.59
2/10/2015,18.6
2/11/2015,19.209999
2/12/2015,19.1
2/13/2015,18.84
2/17/2015,18.709999
2/18/2015,18.860001
2/19/2015,19.219999
2/20/2015,19.65
2/23/2015,19.209999
2/24/2015,19.02
2/25/2015,18.91
2/26/2015,18.629999
2/27/2015,18.33
3/2/2015,18.23
3/3/2015,17.67
3/4/2015,17.469999
3/5/2015,18.299999
3/6/2015,17.799999
3/9/2015,17.75
3/10/2015,17.67
3/11/2015,17.639999
3/12/2015,17.959999
3/13/2015,17.77
3/16/2015,17.41
3/17/2015,17.709999
3/18/2015,19
3/19/2015,19
3/20/2015,18.959999
3/23/2015,18.940001
3/24/2015,18.67
3/25/2015,18.34
3/26/2015,18.24
3/27/2015,18.379999
3/30/2015,18.790001
3/31/2015,19.16
4/1/2015,18.969999
4/2/2015,19.1
4/6/2015,19.34
4/7/2015,19.450001
4/8/2015,19.76
4/9/2015,20.040001
4/10/2015,20.48
4/13/2015,20.1
4/14/2015,20.82
4/15/2015,20.75
4/16/2015,20.459999
4/17/2015,20.459999
4/20/2015,20.639999
4/21/2015,20.66
4/22/2015,21.02
4/23/2015,20.879999
4/24/2015,20.58
4/27/2015,20.43
4/28/2015,20.49
4/29/2015,20
4/30/2015,19.469999
5/1/2015,20.43
5/4/2015,20.16
5/5/2015,19.709999
5/6/2015,22.459999
5/7/2015,23.52
5/8/2015,23.75
5/11/2015,23.51
5/12/2015,23.6
5/13/2015,23.84
5/14/2015,23.860001
5/15/2015,23.559999
5/18/2015,23.85
5/19/2015,24.65
5/20/2015,25.389999
5/21/2015,25.23
5/22/2015,24.92
5/26/2015,24.280001
5/27/2015,25
5/28/2015,24.950001
5/29/2015,24.91
6/1/2015,24.879999
6/2/2015,24.950001
6/3/2015,25.08
6/4/2015,24.879999
6/5/2015,24.98
6/8/2015,24.879999
6/9/2015,24.77
6/10/2015,24.92
6/11/2015,24.389999
6/12/2015,24.5
6/15/2015,23.629999
6/16/2015,24.469999
6/17/2015,24.08
6/18/2015,24.700001
6/19/2015,24.559999
6/22/2015,24.610001
6/23/2015,24.66
6/24/2015,24.219999
6/25/2015,24.559999
6/26/2015,24.049999
6/29/2015,23.26
6/30/2015,23.620001
7/1/2015,23.58
7/2/2015,23.280001
7/6/2015,23.16
7/7/2015,23.6
7/8/2015,23.190001
7/9/2015,23.27
7/10/2015,23.879999
7/13/2015,23.91
7/14/2015,24.83
7/15/2015,25.85
7/16/2015,25.23
7/17/2015,25.610001
7/20/2015,27.01
7/21/2015,27.139999
7/22/2015,27
7/23/2015,27.389999
7/24/2015,27.059999
7/27/2015,27.200001
7/28/2015,27.030001
7/29/2015,27.01
7/30/2015,27.75
7/31/2015,28
8/3/2015,27.84
8/4/2015,27.4
8/5/2015,22.870001
8/6/2015,21.709999
8/7/2015,21.549999
8/10/2015,22.450001
8/11/2015,22.25
8/12/2015,21.74
8/13/2015,21.92
8/14/2015,22.16
8/17/2015,22.82
8/18/2015,22.32
8/19/2015,22.41
8/20/2015,22.07
8/21/2015,21.950001
8/24/2015,20.98
8/25/2015,20.459999
8/26/2015,20.34
8/27/2015,20.139999
8/28/2015,20.549999
8/31/2015,19.75
9/1/2015,18.9
9/2/2015,19.719999
9/3/2015,19.809999
9/4/2015,19.77
9/8/2015,19.82
9/9/2015,19.68
9/10/2015,19.9
9/11/2015,19.77
9/14/2015,19.620001
9/15/2015,19.65
9/16/2015,19.5
9/17/2015,19.92
9/18/2015,20.27
9/21/2015,19.83
9/22/2015,19.059999
9/23/2015,19.209999
9/24/2015,18.870001
9/25/2015,18.139999
9/28/2015,17.51
9/29/2015,17.280001
9/30/2015,17.42
10/1/2015,17.5
10/2/2015,18.950001
10/5/2015,19.620001
10/6/2015,19.91
10/7/2015,20
10/8/2015,20.129999
10/9/2015,20.24
10/12/2015,20.07
10/13/2015,19.98
10/14/2015,20.030001
10/15/2015,20.879999
10/16/2015,21.299999
10/19/2015,21.26
10/20/2015,21.549999
10/21/2015,21.43
10/22/2015,21.74
10/23/2015,21.83
10/26/2015,22.18
10/27/2015,21.709999
10/28/2015,22.17
10/29/2015,22.02
10/30/2015,22.120001
11/2/2015,23.08
11/3/2015,21.67
11/4/2015,22.629999
11/5/2015,22.74
11/6/2015,23.18
11/9/2015,23.139999
11/10/2015,22.92
11/11/2015,23.059999
11/12/2015,22.950001
11/13/2015,22.73
11/16/2015,22.969999
11/17/2015,23.09
11/18/2015,23.870001
11/19/2015,24.469999
11/20/2015,24.52
11/23/2015,24.67
11/24/2015,23.75
11/25/2015,24.629999
11/27/2015,24.75
11/30/2015,24.85
12/1/2015,25.309999
12/2/2015,25.52
12/3/2015,24.450001
12/4/2015,24.75
12/7/2015,24.4
12/8/2015,24.66
12/9/2015,23.77
12/10/2015,23.82
12/11/2015,22.860001
12/14/2015,22.66
12/15/2015,22.84
12/16/2015,23.35
12/17/2015,22.91
12/18/2015,22.4
12/21/2015,22.41
12/22/2015,22.639999
12/23/2015,22.620001
12/24/2015,22.690001
12/28/2015,22.620001
12/29/2015,22.889999
12/30/2015,22.5
12/31/2015,22.75
1/4/2016,22.51
1/5/2016,22.780001
1/6/2016,23.059999
1/7/2016,22.309999
1/8/2016,21.870001
1/11/2016,21.950001
1/12/2016,22.27
1/13/2016,20.76
1/14/2016,21.15
1/15/2016,21.040001
1/19/2016,20.17
1/20/2016,19.969999
1/21/2016,19.91
1/22/2016,21.02
1/25/2016,20.77
1/26/2016,20.889999
1/27/2016,20.129999
1/28/2016,20.120001
1/29/2016,20.42
2/1/2016,20.42
2/2/2016,19.9
2/3/2016,19.59
2/4/2016,19.49
2/5/2016,18.01
2/8/2016,16.98
2/9/2016,15.85
2/10/2016,17.85
2/11/2016,17.459999
2/12/2016,19.030001
2/16/2016,19.040001
2/17/2016,19.6
2/18/2016,19.450001
2/19/2016,19.75
2/22/2016,19.709999
2/23/2016,19.030001
2/24/2016,19.25
2/25/2016,19
2/26/2016,19.16
2/29/2016,19.23
3/1/2016,19.200001
3/2/2016,20.209999
3/3/2016,20.4
3/4/2016,20.030001
3/7/2016,20.629999
3/8/2016,19.59
3/9/2016,19.98
3/10/2016,20.18
3/11/2016,20.67
3/14/2016,20.280001
3/15/2016,19.59
3/16/2016,20.16
3/17/2016,20.110001
3/18/2016,20
3/21/2016,19.879999
3/22/2016,19.58
3/23/2016,19.59
3/24/2016,19.700001
3/28/2016,19.76
3/29/2016,20
3/30/2016,20.15
3/31/2016,20.27
4/1/2016,20.02
4/4/2016,20.799999
4/5/2016,20.52
4/6/2016,21.24
4/7/2016,21.01
4/8/2016,21.129999
4/11/2016,20.93
4/12/2016,21.280001
4/13/2016,21.4
4/14/2016,22.34
4/15/2016,22.620001
4/18/2016,22.9
4/19/2016,23.299999
4/20/2016,23.940001
4/21/2016,23.959999
4/22/2016,24.34
4/25/2016,24.4
4/26/2016,24.18
4/27/2016,24.35
4/28/2016,24.68
4/29/2016,24.719999
5/2/2016,24.860001
5/3/2016,24.41
5/4/2016,24.959999
5/5/2016,25.4
5/6/2016,25.6
5/9/2016,25.690001
5/10/2016,26.25
5/11/2016,26.51
5/12/2016,26.5
5/13/2016,26.42
5/16/2016,25.889999
5/17/2016,25.35
5/18/2016,25.950001
5/19/2016,25.639999
5/20/2016,26.27
5/23/2016,25.629999
5/24/2016,25.879999
5/25/2016,26.16
5/26/2016,26.24
5/27/2016,26.82
5/31/2016,27.66
6/1/2016,27.23
6/2/2016,27.52
6/3/2016,26.950001
6/6/2016,27.030001
6/7/2016,27.5
6/8/2016,27.950001
6/9/2016,29.139999
6/10/2016,28.889999
6/13/2016,27.75
6/14/2016,28.15
6/15/2016,28.040001
6/16/2016,27.5
6/17/2016,27.209999
6/20/2016,27.76
6/21/2016,27.48
6/22/2016,27.780001
6/23/2016,27.9
6/24/2016,27.5
6/27/2016,27.41
6/28/2016,28.51
6/29/2016,29.959999
6/30/2016,30.35
7/1/2016,30.709999
7/5/2016,30.809999
7/6/2016,30.57
7/7/2016,30.92
7/8/2016,31.469999
7/11/2016,31.700001
7/12/2016,31.809999
7/13/2016,31.48
7/14/2016,31.07
7/15/2016,31.32
7/18/2016,31.450001
7/19/2016,31.18
7/20/2016,31.77
7/21/2016,30.91
7/22/2016,31.07
7/25/2016,31.540001
7/26/2016,31.65
7/27/2016,36.52
7/28/2016,35.91
7/29/2016,35.599998
8/1/2016,35.98
8/2/2016,35.869999
8/3/2016,35.27
8/4/2016,36
8/5/2016,36.169998
8/8/2016,36.990002
8/9/2016,38.110001
8/10/2016,38.380001
8/11/2016,38.700001
8/12/2016,38.700001
8/15/2016,38.360001
8/16/2016,38.130001
8/17/2016,37.66
8/18/2016,38.349998
8/19/2016,38.610001
8/22/2016,38.439999
8/23/2016,39.630001
8/24/2016,40.119999
8/25/2016,40.189999
8/26/2016,40.34
8/29/2016,40.310001
8/30/2016,41.799999
8/31/2016,41.82
9/1/2016,41.880001
9/2/2016,42.349998
9/6/2016,43.259998
9/7/2016,44.439999
9/8/2016,43.580002
9/9/2016,42.18
9/12/2016,42.349998
9/13/2016,41.869999
9/14/2016,43.25
9/15/2016,43.240002
9/16/2016,44.220001
9/19/2016,44.630001
9/20/2016,45.439999
9/21/2016,44.400002
9/22/2016,45.290001
9/23/2016,43.279999
9/26/2016,43.689999
9/27/2016,44.080002
9/28/2016,44.099998
9/29/2016,43.98
9/30/2016,43.43
10/3/2016,43.09
10/4/2016,43.98
10/5/2016,43.84
10/6/2016,43.580002
10/7/2016,43.130001
10/10/2016,43.900002
10/11/2016,43.950001
10/12/2016,44
10/13/2016,43.599998
10/14/2016,43.75
10/17/2016,43.900002
10/18/2016,44.200001
10/19/2016,46.400002
10/20/2016,44.799999
10/21/2016,44.849998
10/24/2016,45.700001
10/25/2016,44.400002
10/26/2016,42.700001
10/27/2016,41.299999
10/28/2016,41.200001
10/31/2016,40
11/1/2016,41
11/2/2016,39.049999
11/3/2016,39
11/4/2016,39.049999
11/7/2016,40.200001
11/8/2016,40.799999
11/9/2016,42.599998
11/10/2016,47.849998
11/11/2016,49.450001
11/14/2016,46.75
11/15/2016,46.099998
11/16/2016,47.150002
11/17/2016,48.650002
11/18/2016,51.400002
11/21/2016,50.950001
11/22/2016,51.450001
11/23/2016,52.099998
11/25/2016,51.549999
11/28/2016,51.049999
11/29/2016,51.049999
11/30/2016,49.5
12/1/2016,47.5
12/2/2016,46.400002
12/5/2016,48.400002
12/6/2016,48.049999
12/7/2016,47.900002
12/8/2016,47.849998
12/9/2016,46.900002
12/12/2016,44.799999
12/13/2016,44.049999
12/14/2016,44.099998
12/15/2016,44.799999
12/16/2016,44.299999
12/19/2016,43.450001
12/20/2016,43.75
12/21/2016,43.5
12/22/2016,43.349998
12/23/2016,43.549999
12/27/2016,43.650002
12/28/2016,43.349998
12/29/2016,44.75
12/30/2016,44.549999
1/3/2017,44.950001
1/4/2017,46.200001
1/5/2017,47
1/6/2017,47.450001
1/9/2017,47.900002
1/10/2017,48.5
1/11/2017,51
1/12/2017,50.349998
1/13/2017,50.650002
1/17/2017,51.049999
1/18/2017,52.5
1/19/2017,54.049999
1/20/2017,53.450001
1/23/2017,53.75
1/24/2017,55.299999
1/25/2017,56.200001
1/26/2017,55.049999
1/27/2017,54.700001
1/30/2017,53.25
1/31/2017,52.549999
2/1/2017,52.25
2/2/2017,51.450001
2/3/2017,52.200001
2/6/2017,51.900002
2/7/2017,51.900002
2/8/2017,52.849998
2/9/2017,54.349998
2/10/2017,53.349998
2/13/2017,52.950001
2/14/2017,52.950001
2/15/2017,61.5
2/16/2017,62.950001
2/17/2017,63.849998
2/21/2017,65.550003
2/22/2017,65.550003
2/23/2017,63.25
2/24/2017,65.050003
2/27/2017,64.050003
2/28/2017,62.299999
3/1/2017,62.75
3/2/2017,62.099998
3/3/2017,61.400002
3/6/2017,62.25
3/7/2017,63.849998
3/8/2017,63.5
3/9/2017,64.300003
3/10/2017,65.900002
3/13/2017,68.099998
3/14/2017,69.25
3/15/2017,68.5
3/16/2017,68.800003
3/17/2017,68.599998
3/20/2017,68.949997
3/21/2017,67.099998
3/22/2017,67.150002
3/23/2017,66
3/24/2017,66.650002
3/27/2017,66.150002
3/28/2017,66.300003
3/29/2017,66.75
3/30/2017,65.849998
3/31/2017,67.900002
4/3/2017,74.75
4/4/2017,75.199997
4/5/2017,75.900002
4/6/2017,76.300003
4/7/2017,76.25
4/10/2017,76.300003
4/11/2017,76.5
4/12/2017,74.599998
4/13/2017,75
4/17/2017,73.400002
4/18/2017,70.550003
4/19/2017,69.699997
4/20/2017,68.900002
4/21/2017,70.599998
4/24/2017,73.599998
4/25/2017,82.25
4/26/2017,82.25
4/27/2017,81.199997
4/28/2017,82.449997
5/1/2017,81.400002
5/2/2017,75.449997
5/3/2017,75.400002
5/4/2017,76.199997
5/5/2017,73.300003
5/8/2017,75.300003
5/9/2017,74.150002
5/10/2017,77.449997
5/11/2017,74.199997
5/12/2017,78.300003
5/15/2017,78.400002
5/16/2017,76.849998
5/17/2017,72.150002
5/18/2017,73.800003
5/19/2017,73.949997
5/22/2017,76.300003
5/23/2017,73.449997
5/24/2017,75.349998
5/25/2017,76.099998
5/26/2017,77.25
5/30/2017,74.75
5/31/2017,73.699997
6/1/2017,73.75
6/2/2017,76.650002
6/5/2017,75.550003
6/6/2017,77.75
6/7/2017,79.449997
6/8/2017,78.849998
6/9/2017,73.75
6/12/2017,70.550003
6/13/2017,73.150002
6/14/2017,70.5
6/15/2017,68.900002
6/16/2017,69.25
6/19/2017,71.849998
6/20/2017,70.75
6/21/2017,72.300003
6/22/2017,72.800003
6/23/2017,76.949997
6/26/2017,72.550003
6/27/2017,71.150002
6/28/2017,73.349998
6/29/2017,69.5
6/30/2017,69.599998
7/3/2017,69.199997
7/5/2017,70.25
7/6/2017,69.300003
7/7/2017,70.300003
7/10/2017,69.400002
7/11/2017,71.400002
7/12/2017,74.150002
7/13/2017,73.849998
7/14/2017,73.849998
7/17/2017,73.900002
7/18/2017,73.099998
7/19/2017,76.150002
7/20/2017,73.199997
7/21/2017,73.099998
7/24/2017,75.650002
7/25/2017,75.949997
7/26/2017,76.849998
7/27/2017,73.599998
7/28/2017,63.900002
7/31/2017,61.700001
8/1/2017,62.349998
8/2/2017,61.650002
8/3/2017,62.75
8/4/2017,60.25
8/7/2017,58.599998
8/8/2017,58.650002
8/9/2017,58.599998
8/10/2017,56.900002
8/11/2017,57.700001
8/14/2017,60.5
8/15/2017,58.150002
8/16/2017,60
8/17/2017,59.799999
8/18/2017,60.150002
8/21/2017,59.049999
8/22/2017,60.650002
8/23/2017,60.650002
8/24/2017,60.950001
8/25/2017,60.200001
8/28/2017,60.549999
8/29/2017,61
8/30/2017,64.050003
8/31/2017,65.099998
9/1/2017,64.449997
9/5/2017,65.800003
9/6/2017,65.150002
9/7/2017,66.150002
9/8/2017,65.300003
9/11/2017,67.199997
9/12/2017,68.349998
9/13/2017,68.150002
9/14/2017,69.050003
9/15/2017,69.550003
9/18/2017,69.800003
9/19/2017,70.150002
9/20/2017,69.199997
9/21/2017,68.650002
9/22/2017,68.400002
9/25/2017,67.050003
9/26/2017,67.349998
9/27/2017,70.099998
9/28/2017,70.599998
9/29/2017,71.849998
10/2/2017,71.400002
10/3/2017,70.800003
10/4/2017,69.150002
10/5/2017,70.300003
10/6/2017,68.900002
10/9/2017,67.900002
10/10/2017,68.449997
10/11/2017,69.449997
10/12/2017,69.5
10/13/2017,68.849998
10/16/2017,68.900002
10/17/2017,69.349998
10/18/2017,69.550003
10/19/2017,68.099998
10/20/2017,69.199997
10/23/2017,69.199997
10/24/2017,69.75
10/25/2017,67.75
10/26/2017,67.550003
10/27/2017,68.199997
10/30/2017,69.849998
10/31/2017,69.800003
11/1/2017,70.5
11/2/2017,70.449997
11/3/2017,69.650002
11/6/2017,70.599998
11/7/2017,69.349998
11/8/2017,60.025002
11/9/2017,56.599998
11/10/2017,55.650002
11/13/2017,55
11/14/2017,53.799999
11/15/2017,54.099998
11/16/2017,56.900002
11/17/2017,56.150002
11/20/2017,55.400002
11/21/2017,54.349998
11/22/2017,55.200001
11/24/2017,54.849998
11/27/2017,56.349998
11/28/2017,55.5
11/29/2017,53.75
11/30/2017,54.900002
12/1/2017,53.700001
12/4/2017,52.349998
12/5/2017,52.200001
12/6/2017,51.950001
12/7/2017,53.099998
12/8/2017,53.599998
12/11/2017,52.950001
12/12/2017,55.200001
12/13/2017,57.549999
12/14/2017,58.549999
12/15/2017,58.400002
12/18/2017,60.049999
12/19/2017,60.5
12/20/2017,60.849998
12/21/2017,61.099998
12/22/2017,59.549999
12/26/2017,60.400002
12/27/2017,59.75
12/28/2017,59.049999
12/29/2017,57.549999
1/2/2018,58
1/3/2018,58.299999
1/4/2018,62.099998
1/5/2018,60.650002
1/8/2018,61.049999
1/9/2018,61.150002
1/10/2018,61.25
1/11/2018,60.900002
1/12/2018,61.900002
1/16/2018,59.299999
1/17/2018,59.400002
1/18/2018,58.049999
1/19/2018,58.099998
1/22/2018,59.700001
1/23/2018,62.150002
1/24/2018,60.75
1/25/2018,61.299999
1/26/2018,62.400002
1/29/2018,62.349998
1/30/2018,60.200001
1/31/2018,61.049999
2/1/2018,61.75
2/2/2018,61.450001
2/5/2018,60
2/6/2018,60.150002
2/7/2018,59.950001
2/8/2018,58.25
2/9/2018,59.650002
2/12/2018,63.099998
2/13/2018,65.550003
2/14/2018,71.699997
2/15/2018,74.599998
2/16/2018,75.599998
2/20/2018,74.849998
2/21/2018,77.300003
2/22/2018,74.050003
2/23/2018,76.099998
2/26/2018,76.099998
2/27/2018,75.550003
2/28/2018,75.050003
3/1/2018,75.050003
3/2/2018,76.800003
3/5/2018,79.650002
3/6/2018,79.349998
3/7/2018,81.75
3/8/2018,82.449997
3/9/2018,82.449997
3/12/2018,83.150002
3/13/2018,81.699997
3/14/2018,83.199997
3/15/2018,82.400002
3/16/2018,84.25
3/19/2018,83.300003
3/20/2018,86.400002
3/21/2018,87
3/22/2018,84.150002
3/23/2018,78.800003
3/26/2018,83.050003
3/27/2018,77.650002
3/28/2018,76.5
3/29/2018,79.550003
4/2/2018,77.400002
4/3/2018,80.5
4/4/2018,82.449997
4/5/2018,82.949997
4/6/2018,81.900002
4/9/2018,81.199997
4/10/2018,84.550003
4/11/2018,82.849998
4/12/2018,84.849998
4/13/2018,84.5
4/16/2018,85.599998
4/17/2018,88.25
4/18/2018,89.400002
4/19/2018,86.449997
4/20/2018,85
4/23/2018,83.300003
4/24/2018,81.599998
4/25/2018,81.75
4/26/2018,83.5
4/27/2018,81.650002
4/30/2018,82.25
5/1/2018,81.5
5/2/2018,83.150002
5/3/2018,84.599998
5/4/2018,83.650002
5/7/2018,85.150002
5/8/2018,86.050003
5/9/2018,83.425003
5/10/2018,83.224998
5/11/2018,86.75
5/14/2018,84.25
5/15/2018,82.050003
5/16/2018,86.449997
5/17/2018,87.949997
5/18/2018,88.75
5/21/2018,85.5
5/22/2018,83.300003
5/23/2018,83.599998
5/24/2018,84.5
5/25/2018,85.75
5/29/2018,85.099998
5/30/2018,85.199997
5/31/2018,86.949997
6/1/2018,90
6/4/2018,91.550003
6/5/2018,94.400002
6/6/2018,95.75
6/7/2018,92.900002
6/8/2018,98.25
6/11/2018,98.199997
6/12/2018,98.949997
6/13/2018,99.550003
6/14/2018,103
6/15/2018,103.75
6/18/2018,106
6/19/2018,106.5
6/20/2018,107.599998
6/21/2018,105.650002
6/22/2018,101.949997
6/25/2018,97.400002
6/26/2018,98.949997
6/27/2018,96.800003
6/28/2018,99.550003
6/29/2018,100.300003
7/2/2018,102.199997
7/3/2018,102
7/5/2018,104.099998
7/6/2018,105.300003
7/9/2018,104.800003
7/10/2018,104.099998
7/11/2018,104.199997
7/12/2018,108.650002
7/13/2018,106.699997
7/16/2018,108.050003
7/17/2018,109
7/18/2018,108.75
7/19/2018,104.650002
7/20/2018,104.349998
7/23/2018,108.900002
7/24/2018,105.199997
7/25/2018,110.849998
7/26/2018,105.849998
7/27/2018,101.449997
7/30/2018,96.949997
7/31/2018,95
8/1/2018,95.349998
8/2/2018,99.599998
8/3/2018,98.849998
8/6/2018,100.300003
8/7/2018,102.599998
8/8/2018,102.949997
8/9/2018,106.099998
8/10/2018,106.199997
8/13/2018,104.050003
8/14/2018,103.199997
8/15/2018,99.650002
8/16/2018,99.550003
8/17/2018,102.25
8/20/2018,99.800003
8/21/2018,102.099998
8/22/2018,103.650002
8/23/2018,105.300003
8/24/2018,106.849998
8/27/2018,108.599998
8/28/2018,109.050003
8/29/2018,109.599998
8/30/2018,109.650002
8/31/2018,111.099998
9/4/2018,111.300003
9/5/2018,106.599998
9/6/2018,106.300003
9/7/2018,108.25
9/10/2018,111.650002
9/11/2018,113.650002
9/12/2018,113.949997
9/13/2018,116.099998
9/14/2018,115.949997
9/17/2018,111.150002
9/18/2018,114.849998
9/19/2018,112.449997
9/20/2018,114.099998
9/21/2018,113.5
9/24/2018,112
9/25/2018,116.300003
9/26/2018,115.800003
9/27/2018,119
9/28/2018,119.699997
10/1/2018,114.980003
10/2/2018,111.959999
10/3/2018,114.010002
10/4/2018,109.019997
10/5/2018,109.269997
10/8/2018,100.589996
10/9/2018,99.580002
10/10/2018,94.099998
10/11/2018,92.120003
10/12/2018,97.510002
10/15/2018,97.269997
10/16/2018,102.360001
10/17/2018,102.389999
10/18/2018,97.449997
10/19/2018,95
10/22/2018,97.980003
10/23/2018,97.419998
10/24/2018,91.550003
10/25/2018,96.699997
10/26/2018,94.370003
10/29/2018,90.519997
10/30/2018,91.82
10/31/2018,97.349998
11/1/2018,101.769997
11/2/2018,101.669998
11/5/2018,98.550003
11/6/2018,99.550003
11/7/2018,101.910004
11/8/2018,101.440002
11/9/2018,95.93
11/12/2018,88.599998
11/13/2018,91.309998
11/14/2018,89.349998
11/15/2018,94.989998
11/16/2018,96.599998
11/19/2018,85.040001
11/20/2018,86.160004
11/21/2018,86.889999
11/23/2018,88.400002
11/26/2018,92.279999
11/27/2018,89.540001
11/28/2018,94.410004
11/29/2018,93.510002
11/30/2018,94.18
12/3/2018,96.470001
12/4/2018,93.980003
12/6/2018,93.690002
12/7/2018,89.419998
12/10/2018,91.389999
12/11/2018,92.080002
12/12/2018,88.669998
12/13/2018,86.970001
12/14/2018,87.199997
12/17/2018,83.18
12/18/2018,85.669998
12/19/2018,85.599998
12/20/2018,84.919998
12/21/2018,82.099998
12/24/2018,82.669998
12/26/2018,89.410004
12/27/2018,90.25
12/28/2018,89.419998
12/31/2018,90.339996
1/2/2019,90.650002
1/3/2019,85.160004
1/4/2019,91.889999
1/7/2019,95.440002
1/8/2019,95.910004
1/9/2019,98.019997
1/10/2019,99.889999
1/11/2019,101.290001
1/14/2019,99.290001
1/15/2019,101.339996
1/16/2019,101.57
1/17/2019,103.910004
1/18/2019,104.290001
1/22/2019,101.870003
1/23/2019,102.360001
1/24/2019,103.900002
1/25/2019,106.519997
1/28/2019,105.150002
1/29/2019,103.790001
1/30/2019,106.989998
1/31/2019,109.349998
2/1/2019,110.110001
2/4/2019,110.690002
2/5/2019,111.220001
2/6/2019,109.82
2/7/2019,108.099998
2/8/2019,111.010002
2/11/2019,111.269997
2/12/2019,116.129997
2/13/2019,119.410004
2/14/2019,119.660004
2/15/2019,121.400002
2/19/2019,125.75
2/20/2019,111.110001
2/21/2019,108.68
2/22/2019,111.959999
2/25/2019,114.18
2/26/2019,114.089996
2/27/2019,113.669998
2/28/2019,109.25
3/1/2019,109.099998
3/4/2019,109.029999
3/5/2019,107.209999
3/6/2019,106.870003
3/7/2019,107.279999
3/8/2019,105.980003
3/11/2019,108.150002
3/12/2019,108.360001
3/13/2019,107.849998
3/14/2019,109.269997
3/15/2019,107.25
3/18/2019,107.959999
3/19/2019,108.889999
3/20/2019,118.120003
3/21/2019,122.650002
3/22/2019,117.980003
3/25/2019,118.919998
3/26/2019,121.769997
3/27/2019,117.400002
3/28/2019,118.839996
3/29/2019,120.830002
4/1/2019,119.150002
4/2/2019,119.300003
4/3/2019,119.260002
4/4/2019,118.650002
4/5/2019,120.110001
4/8/2019,119.360001
4/9/2019,120.339996
4/10/2019,122.650002
4/11/2019,121.620003
4/12/2019,125.019997
4/15/2019,124.980003
4/16/2019,124.480003
4/17/2019,122.510002
4/18/2019,122.75
4/22/2019,125.68
4/23/2019,128.25
4/24/2019,129.589996
4/25/2019,129.949997
4/26/2019,133.520004
4/29/2019,133.570007
4/30/2019,134.160004
5/1/2019,133.429993
5/2/2019,136.800003
5/3/2019,141.399994
5/6/2019,142.029999
5/7/2019,137.220001
5/8/2019,140.699997
5/9/2019,141.169998
5/10/2019,143.360001
5/13/2019,137.460007
5/14/2019,137.509995
5/15/2019,142.089996
5/16/2019,134.860001
5/17/2019,139.240005
5/20/2019,136.600006
5/21/2019,135.809998
5/22/2019,136.490005
5/23/2019,133.399994
5/24/2019,134.789993
5/28/2019,134.759995
5/29/2019,133.940002
5/30/2019,139.520004
5/31/2019,137.339996
6/3/2019,133.729996
6/4/2019,138.179993
6/5/2019,140.940002
6/6/2019,141.960007
6/7/2019,144.779999
6/10/2019,146.009995
6/11/2019,142.440002
6/12/2019,143.610001
6/13/2019,143.220001
6/14/2019,142.940002
6/17/2019,145.210007
6/18/2019,144.630005
6/19/2019,145.839996
6/20/2019,149.039993
6/21/2019,148.119995
6/24/2019,144.110001
6/25/2019,139.759995
6/26/2019,139.589996
6/27/2019,140.949997
6/28/2019,142.100006
7/1/2019,143.020004
7/2/2019,144.619995
7/3/2019,143.529999
7/5/2019,143.710007
7/8/2019,144.130005
7/9/2019,145.270004
7/10/2019,145.589996
7/11/2019,144.75
7/12/2019,143.479996
7/15/2019,143
7/16/2019,139.470001
7/17/2019,141.910004
7/18/2019,143.100006
7/19/2019,145.839996
7/22/2019,145.520004
7/23/2019,146.100006
7/24/2019,151.520004
7/25/2019,145.470001
7/26/2019,149.139999
7/29/2019,147.419998
7/30/2019,148.009995
7/31/2019,148.520004
8/1/2019,149.160004
8/2/2019,148.589996
8/5/2019,142.020004
8/6/2019,143.240005
8/7/2019,145.050003
8/8/2019,148.110001
8/9/2019,148.429993
8/12/2019,145.990005
8/13/2019,149.860001
8/14/2019,143.179993
8/15/2019,142.199997
8/16/2019,143.800003
8/19/2019,145.190002
8/20/2019,145.839996
8/21/2019,147.089996
8/22/2019,149.839996
8/23/2019,147.380005
8/26/2019,146.639999
8/27/2019,145.639999
8/28/2019,139.070007
8/29/2019,139.699997
8/30/2019,140.25
9/3/2019,136.940002
9/4/2019,136.75
9/5/2019,135.940002
9/6/2019,134.809998
9/9/2019,134.710007
9/10/2019,129.880005
9/11/2019,128.570007
9/12/2019,126.400002
9/13/2019,123.809998
9/16/2019,123.959999
9/17/2019,125.68
9/18/2019,124.5
9/19/2019,123.550003
9/20/2019,121.769997
9/23/2019,120.970001
9/24/2019,115.540001
9/25/2019,117.910004
9/26/2019,117.389999
9/27/2019,115.099998
9/30/2019,116.739998
10/1/2019,114.209999
10/2/2019,114.080002
10/3/2019,120.379997
10/4/2019,123.5
10/7/2019,123.57
10/8/2019,122.010002
10/9/2019,122.849998
10/10/2019,124.75
10/11/2019,125.870003
10/14/2019,125.669998
10/15/2019,124.889999
10/16/2019,123.110001
10/17/2019,123.839996
10/18/2019,118.550003
10/21/2019,119.400002
10/22/2019,114.309998
10/23/2019,116.559998
10/24/2019,119.949997
10/25/2019,120.720001
10/28/2019,123.879997
10/29/2019,122.970001
10/30/2019,124.510002
10/31/2019,122.07
11/1/2019,126.580002
11/4/2019,129.080002
11/5/2019,127.919998
11/6/2019,127.18
11/7/2019,126.660004
11/8/2019,128.100006
11/11/2019,127.279999
11/12/2019,132.029999
11/13/2019,135.699997
11/14/2019,125.199997
11/15/2019,130.369995
11/18/2019,126.629997
11/19/2019,127.059998
11/20/2019,125.849998
11/21/2019,120.709999
11/22/2019,120.900002
11/25/2019,121.919998
11/26/2019,121.029999
11/27/2019,122
11/29/2019,120.889999
12/2/2019,120.419998
12/3/2019,122.489998
12/4/2019,121.220001
12/5/2019,118.75
12/6/2019,119.860001
12/9/2019,118.639999
12/10/2019,119.050003
12/11/2019,119.550003
12/12/2019,119.040001
12/13/2019,119.080002
12/16/2019,119.18
12/17/2019,119.599998
12/18/2019,118.739998
12/19/2019,121.160004
12/20/2019,117.290001
12/23/2019,116.75
12/24/2019,120.18
12/26/2019,121.709999
12/27/2019,121.815002
12/30/2019,121.25
12/31/2019,122.379997
1/2/2020,127.550003
1/3/2020,128.919998
1/6/2020,131.630005
1/7/2020,130.009995
1/8/2020,133.779999
1/9/2020,140.080002
1/10/2020,140.259995
1/13/2020,142.429993
1/14/2020,142.740005
1/15/2020,141.970001
1/16/2020,142.669998
1/17/2020,140.270004
1/21/2020,140.380005
1/22/2020,140.009995
1/23/2020,140.410004
1/24/2020,141.029999
1/27/2020,139.630005
1/28/2020,142.800003
1/29/2020,143.399994
1/30/2020,144.910004
1/31/2020,142.690002
2/3/2020,145.210007
2/4/2020,148.279999
2/5/2020,145.5
2/6/2020,147.070007
2/7/2020,145.050003
2/10/2020,145.800003
2/11/2020,144.320007
2/12/2020,145
2/13/2020,146.740005
2/14/2020,148.259995
2/18/2020,151.740005
2/19/2020,155.240005
2/20/2020,141.679993
2/21/2020,137.309998
2/24/2020,131.5
2/25/2020,133.690002
2/26/2020,132.5
2/27/2020,134.119995
2/28/2020,134.029999
3/2/2020,138.720001
3/3/2020,135.130005
3/4/2020,140.710007
3/5/2020,137.179993
3/6/2020,136.25
3/9/2020,116.089996
3/10/2020,120.900002
3/11/2020,114.980003
3/12/2020,104.720001
3/13/2020,112.5
3/16/2020,88
3/17/2020,91.459999
3/18/2020,81.5
3/19/2020,102.139999
3/20/2020,97.220001
3/23/2020,94.480003
3/24/2020,107.099998
3/25/2020,114.760002
3/26/2020,119.800003
3/27/2020,106.260002
3/30/2020,104.480003
3/31/2020,100.82
4/1/2020,92.620003
4/2/2020,93.849998
4/3/2020,94.290001
4/6/2020,103.580002
4/7/2020,106.010002
4/8/2020,115.989998
4/9/2020,114.459999
4/13/2020,120.709999
4/14/2020,123.339996
4/15/2020,118.410004
4/16/2020,122.900002
4/17/2020,126.239998
4/20/2020,130.630005
4/21/2020,126.43
4/22/2020,135.679993
4/23/2020,132.660004
4/24/2020,134.360001
4/27/2020,132.5
4/28/2020,127.849998
4/29/2020,134.240005
4/30/2020,130.809998
5/1/2020,124.18
5/4/2020,125.690002
5/5/2020,132.350006
5/6/2020,143.720001
5/7/2020,149.899994
5/8/2020,159.949997
5/11/2020,165.830002
5/12/2020,165.580002
5/13/2020,166.199997
5/14/2020,189.589996
5/15/2020,201.779999
5/18/2020,193.759995
5/19/2020,191.679993
5/20/2020,202.970001
5/21/2020,206.809998
5/22/2020,215.210007
5/26/2020,209.759995
5/27/2020,205.960007
5/28/2020,207.399994
5/29/2020,222.330002
6/1/2020,220.970001
6/2/2020,228.190002
6/3/2020,227.820007
6/4/2020,219.75
6/5/2020,213.289993
6/8/2020,215.229996
6/9/2020,215.869995
6/10/2020,221.580002
6/11/2020,215.910004
6/12/2020,216.059998
6/15/2020,221.199997
6/16/2020,221.380005
6/17/2020,228.369995
6/18/2020,231.880005
6/19/2020,236.850006
6/22/2020,243.850006
6/23/2020,243.320007
6/24/2020,241.279999
6/25/2020,253.699997
6/26/2020,251.830002
6/29/2020,249.699997
6/30/2020,256.220001
7/1/2020,265.769989
7/2/2020,272.850006
7/6/2020,276.559998
7/7/2020,282.809998
7/8/2020,292.119995
7/9/2020,296.709991
7/10/2020,294.230011
7/13/2020,281
7/14/2020,279.820007
7/15/2020,273.679993
7/16/2020,271.420013
7/17/2020,270.299988
7/20/2020,282.179993
7/21/2020,275.690002
7/22/2020,273.549988
7/23/2020,269.75
7/24/2020,267.470001
7/27/2020,272.470001
7/28/2020,269.709991
7/29/2020,279.380005
7/30/2020,284.920013
7/31/2020,290.480011
8/3/2020,302.529999
8/4/2020,304.549988
8/5/2020,309.589996
8/6/2020,307.980011
8/7/2020,291.600006
8/10/2020,277.940002
8/11/2020,268.589996
8/12/2020,271.799988
8/13/2020,278.470001
8/14/2020,277.679993
8/17/2020,282.690002
8/18/2020,286.799988
8/19/2020,285.609985
8/20/2020,294.470001
8/21/2020,284.399994
8/24/2020,279.23999
8/25/2020,292.790009
8/26/2020,296.929993
8/27/2020,291.049988
8/28/2020,291.970001
8/31/2020,294.630005
9/1/2020,299.709991
9/2/2020,296.959991
9/3/2020,271.25
9/4/2020,258.48999
9/8/2020,249.779999
9/9/2020,262.279999
9/10/2020,258.130005
9/11/2020,254.100006
9/14/2020,254.550003
9/15/2020,260.040009
9/16/2020,254.259995
9/17/2020,253.389999
9/18/2020,252.279999
9/21/2020,254.520004
9/22/2020,259.269989
9/23/2020,250.220001
9/24/2020,248.460007
9/25/2020,248.25
9/28/2020,254.669998
9/29/2020,255.5
9/30/2020,254.850006
10/1/2020,269.450012
10/2/2020,253.570007
10/5/2020,267.910004
10/6/2020,265.380005
10/7/2020,281.809998
10/8/2020,279.670013
10/9/2020,291.820007
10/12/2020,290.559998
10/13/2020,295.640015
10/14/2020,287.670013
10/15/2020,283.5
10/16/2020,276.359985
10/19/2020,278.299988
10/20/2020,278.649994
10/21/2020,271.540009
10/22/2020,264.160004
10/23/2020,271.869995
10/26/2020,265.690002
10/27/2020,268
10/28/2020,262.869995
10/29/2020,264.089996
10/30/2020,247.320007
11/2/2020,253.240005
11/3/2020,244.850006
11/4/2020,266.109985
11/5/2020,278.119995
11/6/2020,286.290009
11/9/2020,254
11/10/2020,244.169998
11/11/2020,269.779999
11/12/2020,255.070007
11/13/2020,244.259995
11/16/2020,241.440002
11/17/2020,249.050003
11/18/2020,248.169998
11/19/2020,257.339996
11/20/2020,256.670013
11/23/2020,248.610001
11/24/2020,247.429993
11/25/2020,250.779999
11/27/2020,258.619995
11/30/2020,255.429993
12/1/2020,249.729996
12/2/2020,251.339996
12/3/2020,253.429993
12/4/2020,255.830002
12/7/2020,256.929993
12/8/2020,251.169998
12/9/2020,248.270004
12/10/2020,271.779999
12/11/2020,266.410004
12/14/2020,260.940002
12/15/2020,260.940002
12/16/2020,267.910004
12/17/2020,270.049988
12/18/2020,273.450012
12/21/2020,269.630005
12/22/2020,272.190002
12/23/2020,268.929993
12/24/2020,267.100006
12/28/2020,252.729996
12/29/2020,253.850006
12/30/2020,256.880005
12/31/2020,249.960007
1/4/2021,253.149994
1/5/2021,259.25
1/6/2021,247.860001
1/7/2021,252.479996
1/8/2021,263.529999
1/11/2021,266.109985
1/12/2021,260.829987
1/13/2021,253.509995
1/14/2021,248.509995
1/15/2021,241.279999
1/19/2021,249.839996
1/20/2021,251.619995
1/21/2021,248.919998
1/22/2021,249.490005
1/25/2021,254.800003
1/26/2021,246.619995
1/27/2021,244.5
1/28/2021,248.240005
1/29/2021,247.050003
2/1/2021,259.98999
2/2/2021,277.059998
2/3/2021,277.619995
2/4/2021,278.339996
2/5/2021,277.130005
2/8/2021,282.209991
2/9/2021,283.51001
2/10/2021,290.519989
2/11/2021,295.809998
2/12/2021,292.809998
2/16/2021,279.459991
2/17/2021,302.160004
2/18/2021,344.119995
2/19/2021,353.089996
2/22/2021,335.829987
2/23/2021,339.109985
